"mmsi","Distance_A","Distance_B"
446,9370.65821679118,2134.07957963402
876,0,0
79050,534663.449987326,307654.09097042
92455,972985.513136521,523206.10222493
9107059,697069.476052528,267586.387069592
12000001,393442.850067405,41182.8809047217
41269518,455556.585871229,335742.53557954
98330340,1784830.55703968,381291.384656417
200004544,440631.018337986,155128.686382329
200005873,36136.7647986658,26992.1955937992
200008650,3489929.5869564,1492105.90267632
200012314,65501.2389187119,40902.8119215669
200015911,2098580.1818162,458679.946268822
200016052,1159288.74245167,124207.632135882
200016065,14249.7646400006,9742.21408604267
200016069,96735.6049480064,56005.4995294482
200020753,65733.5355487545,18434.8842558244
200020783,54621.0995761034,26179.3537823006
200020789,25531.9053535944,6426.93938900788
200020802,452458.960592448,102095.309486866
200021400,1161528.49331462,271748.358350641
200021405,207075.945544443,52865.0200544101
200021416,1917896.37952409,274274.403592814
200021422,69710.8025675813,31248.7869937133
200021444,1243814.75002497,113274.832769818
200023344,99529.7092182841,87545.7421197338
200023459,210304.62300076,71811.2269996585
200023608,47585.0176673648,32720.1098918934
200023914,856016.265142329,157975.036066843
200995958,35708.6948381708,22830.7256540718
201601251,418398.556775826,74811.2509200704
201601318,117119.760511774,49961.4212164806
201601321,197161.6301223,151191.909955213
201601542,1240726.04463175,224717.820064387
201706140,1212859.94674791,41098.0512371796
201707002,102860.389862682,21891.2260202682
205615410,3237217.36875502,577599.365616009
212121212,1140557.31048281,39829.5035286257
224015550,2092021.65356307,840249.331980152
224017000,1700170.82444191,1041594.74456716
224050000,2017762.54623426,894767.907818491
224051350,2228275.0830561,987798.586793149
224085000,939269.348956476,109794.888350005
224154000,2145452.02967584,439419.291483667
224156000,1468990.87197881,1242023.61224396
224166160,606137.61698621,215939.102786568
224196000,2930808.51900644,1399020.10866125
224256000,1209558.93978058,278864.524753456
224295000,2886197.06379765,1038612.77632277
224313000,1976486.53885599,1449215.53858373
224318000,2173063.60568471,609260.818015774
224342000,2081568.58435397,1441950.48575876
224366000,3335994.25578851,809706.096335099
224392000,2263059.81951565,387702.574580848
224456000,3263003.40295092,2022158.10583772
224544160,2434601.03973966,850947.57888923
224581000,3309387.03008003,1220167.06625715
224591000,2490746.41333395,2183990.62780704
224619000,2949100.00362713,1901810.19977789
224626000,2503632.78474242,1264608.9127948
224892000,1071339.9379356,344641.53894782
224900000,2812571.54558046,247274.771901376
224918000,3358613.32188452,1362678.9811399
224987000,3370235.68506907,577802.370182291
224992000,2635258.4473992,708691.184990494
225983597,2560346.04318764,900497.240718127
228966000,1373268.91887359,550129.592109143
261106453,92377.2906335846,11212.379295762
303114000,1425922.05341415,645691.802064309
303174000,991771.551135456,993341.135953088
303513000,300427.686167381,172400.548463327
303835000,859846.349707773,645445.2976399
338077000,474723.325799876,298299.561252726
338081000,412999.197960733,151381.99080171
338230234,15053.3868405878,0
354153000,379005.62914159,124257.551925081
359002003,2221421.52754513,962012.469764303
366135000,1390522.110237,918840.684032243
366721530,507140.304036475,305992.799647141
366827010,1551475.02819841,716309.874593862
366909880,1377937.81349022,854760.365657742
366920620,1416045.20945218,872368.560738819
366928330,315827.899166066,225298.788921826
366981180,1312070.61761072,694669.381699027
367003760,1525209.62793734,723593.93663762
367018980,1690942.94085732,741803.982472671
367045610,1124753.34490588,1100741.91913157
367045620,1407518.75143763,965367.660901869
367107220,2465542.64519356,517791.375115966
367107250,1810528.4343314,1112211.74220526
367111320,1338725.98152017,905557.715958499
367114110,1931923.09362063,1089632.98936985
367128410,1395166.93366164,844194.604204553
367128430,1566598.61942644,891315.475385648
367131270,263830.487860403,122405.824906629
367132820,948783.838522793,648743.763648854
367132830,1714850.06159589,627048.492120893
367135280,1919555.01599595,306718.892582556
367137680,1775871.86118781,691809.132609925
367140060,443326.313046807,215825.091137403
367140260,1819285.99147624,773214.142084674
367148380,1745207.30943028,684039.988366575
367150430,1180854.65667621,689144.921510336
367151660,1368742.07514325,877607.311550034
367152680,1422428.31990774,663160.575393933
367159690,1240092.27547748,666565.710026885
367161340,625605.169897298,291948.507072267
367163840,2292682.43652071,693136.024920337
367179270,1353759.31210129,1006862.68164833
367183810,1977440.08258872,732174.335538332
367306510,1292808.41815277,810202.895357196
367320820,1410071.56202604,935189.041755647
367330610,1561855.95339271,904510.935910463
367338850,1987848.6495196,892979.99549694
367341510,1187707.13412393,926781.83926664
367343000,2446233.37198778,1296029.32879236
367359000,1928527.71796249,550073.200933464
367361970,1438233.35306544,727857.965239383
367363390,1044385.45673755,323014.19117002
367370380,1204607.56932642,310815.753869157
367373170,356237.206269252,278148.858432939
367385940,1121579.12624062,515479.189897153
367387110,1361411.05303716,675828.495330419
367396870,924400.954163749,422220.320231678
367403980,670834.418744927,259972.288090879
367418820,2045707.67563379,921823.235539794
367423310,1439787.74045572,659232.636659578
367433150,1956050.25979172,808055.601535011
367439590,1472508.91004585,963228.958292021
367442170,1176869.88549953,912717.45696343
367445940,1036936.74230705,715884.150753237
367447140,252219.946180138,14063.2158944296
367449780,260700.320396022,129367.443448975
367460990,1392409.97207098,673292.647341789
367467330,1485889.379345,1084372.65793528
367471530,754970.828119751,275577.856633626
367477330,1351973.71054349,936548.8869588
367479170,1270090.34943458,610811.377253107
367479450,2136100.99652535,993619.52264583
367480150,1492196.1706173,769777.698878198
367482650,1646197.94262591,1020083.42737802
367485680,600890.483922563,333500.779756617
367490140,1858037.50442424,951906.277069367
367492480,1513419.51116598,955038.719838202
367511170,1160207.20347509,587029.831077612
367513810,2448437.04498397,783572.86999926
367514890,1984701.71596092,711160.54907882
367516940,1366372.61293781,553525.915631266
367523880,630249.19221445,506833.500977611
367556120,1751455.83756132,938053.714466039
367557620,1005535.12533402,712493.03425355
367568960,981089.791407602,603049.177617146
367571490,959334.644010783,650699.043430593
367578510,1290086.06833889,1013699.88029176
367581690,2253570.71227711,433624.821403132
367589370,151823.013250021,107949.275851688
367590390,1123037.73194248,593811.277510276
367593450,846365.615339986,304996.527392944
367598710,1380947.41273469,135169.953959159
367601630,934067.386030169,649685.363829203
367602730,1434032.79747115,1011605.89944845
367602740,1192532.53798415,951742.701528067
367602750,1305468.16314502,971441.78550316
367603420,1915847.43481542,692857.922635215
367604540,1684551.40150627,834604.904817395
367607880,1643345.21997286,689654.262454329
367638270,1933028.92763658,1057500.38640659
367638280,1421706.00290282,1158868.66920079
367639430,982322.390770382,794584.794378903
367645140,1753311.04555336,886900.371496939
367659170,1485537.5064194,987967.863795383
367662660,1176124.17889097,882316.584392523
367663880,2209053.58826127,801180.0708102
367667090,1073460.01447512,491309.826837283
367667630,2794708.2652595,374090.598274665
367682040,525193.309357377,86891.667726694
367692620,709734.748010893,454701.533287646
367699410,1265612.99673804,610842.650067296
367705430,1097925.0009342,746249.428203015
367707220,1873740.31483025,629858.713258051
367707290,1160623.75245268,1107385.64527557
367711550,1312688.84480945,428607.214598989
367716130,1567764.18447332,742486.924168654
367719270,708623.098501151,239429.598848585
367722830,1220592.28907118,813415.434606027
367729830,1584949.26564115,800979.152582558
367732990,1401688.42976015,762292.435341392
367733060,1517161.96561093,1038177.51602927
367738010,810668.344473805,541132.157318799
367743820,1002349.59440852,746720.556230327
367754830,1315104.64045772,947354.567808874
367755180,628888.288594754,374709.916007434
367755410,1387291.90853473,350788.050695947
367756070,1174401.5879513,726849.99178672
367761510,1065351.60502295,66535.7551758682
367762610,3039135.02973969,711897.956930097
367762810,1914924.3028571,788551.770664784
367776630,1716277.75246274,766192.545124412
367780410,2566388.14403158,16366.8989570451
367789570,1338051.27373289,936877.488601119
368001590,929610.425173688,418504.970424593
368144000,1858008.98200572,748047.992026321
368492000,625694.026331489,401055.31401379
369004000,1094111.87951733,401445.885841924
369059000,512150.652004537,314986.240781801
369060000,448392.875400602,236863.719139068
369188000,335046.074074999,152634.807635269
369189000,391151.846663779,104624.401658959
372702000,1126083.97498644,689782.174963569
412002142,1232522.30894306,311323.485604317
412004811,86556.040368568,25850.2908365261
412125400,40941.2142292944,26245.2530147766
412135586,940909.305453202,173783.202023359
412200078,1081303.12559554,546086.631270494
412200079,2293120.08556517,1189424.52166735
412200116,16051.7747492198,6414.26765250285
412201817,1258913.6398596,437435.861541485
412201818,903214.23018922,619054.763647843
412205130,2258407.681415,763267.831481786
412205140,3688240.20394664,631165.095184739
412205520,2773479.34007406,708098.061396412
412209076,4965748.63855077,1480725.37557536
412209077,4189521.67625266,866665.516744394
412209187,3081789.06945715,727969.674359112
412209188,2285708.53206423,583932.940829366
412209233,900053.164563892,707130.068300372
412209234,1129277.08869333,768753.47692753
412270001,2702695.67771803,705085.629512754
412270059,3566382.37071859,578442.19498876
412300365,978931.072088151,427222.923319268
412302021,3817789.7678163,621149.515597808
412320023,663286.180819312,513542.340505425
412320024,822285.880856524,409793.540161271
412320026,751470.021641589,504446.568026285
412321680,1086128.33779209,838908.157715097
412322630,2195367.34422593,481630.22511021
412326798,5175496.62689304,858314.339260039
412326799,4386519.30748915,702953.212195487
412326859,0,0
412326873,861740.979596121,519226.852542998
412326875,1518932.23544847,273979.929257071
412326876,1508969.2444281,948729.776601105
412326881,1035232.95425315,699218.239863536
412326893,630976.320473742,416358.330145044
412326894,806523.738887832,541866.337960619
412326895,828015.205658057,507799.280538213
412326901,1020741.57134808,352578.205932024
412326902,689846.655987988,468762.244464591
412326903,1050921.99841002,366820.7075203
412326904,858371.306000733,501167.647182103
412326905,794200.216097535,626825.790085586
412326906,664982.205462157,550379.798781944
412326971,4881928.22098935,1017737.64083998
412328714,3472716.67737461,641756.185827229
412328724,2282499.21322352,1178773.56171192
412328725,2564004.85021035,789624.437055516
412328726,2978330.21224994,758757.111607921
412328728,2474878.91185859,1625977.27344201
412328755,842421.818292975,591316.409299138
412328756,768858.280222349,646544.167323221
412328757,1068955.02188125,532585.77230359
412328758,808469.581201668,616642.098450611
412328761,1022967.45989714,477770.068678121
412328793,2469717.21121599,1498632.77477218
412328795,6637045.58363918,1352201.71292133
412328796,2126546.25352699,907091.61057745
412329402,114893.016369343,33663.2787000865
412329403,10634.7677963794,0
412329406,1114674.10710047,12234.4337145296
412329408,1531897.37201152,71623.700935371
412329409,46807.7885153333,10928.1779757285
412329411,154193.273558786,61927.9913525295
412329416,997019.121283708,725874.738841672
412329417,2113118.03308308,934296.848786094
412329418,1815608.21356365,609440.47779036
412329422,712772.466905216,378038.214080289
412329423,2140667.83386767,1884395.0641459
412329425,1368744.47895027,867751.606403842
412329426,907034.723157778,863232.579355217
412329428,1695274.20490009,1363315.10415137
412329459,824119.287697963,549685.771952302
412329461,1004136.41246273,604007.99904746
412329557,3671850.1088076,1285825.01716261
412329588,3516237.07510151,1143017.91101499
412330102,4547249.21682062,1320744.25063229
412330103,2794565.70116829,734258.988362772
412330104,1895568.49581929,898029.663323289
412330105,3921414.48363151,1861464.05915147
412331009,2329444.27639334,1372044.27392596
412331011,3265823.43444634,1542557.85809557
412331012,3702891.81037921,1328463.82093898
412331013,3060112.02039168,1177796.13543355
412331026,1642104.81472293,793990.217519517
412331027,2923837.71497194,708182.582559124
412331028,2086816.51636643,383026.422554286
412331029,3572275.19505141,751506.494686501
412331031,3653778.39728023,919331.179272316
412331032,3447449.61595194,986680.205677335
412331033,3745364.09287118,681019.484765331
412331063,1915446.50082818,1640489.03547357
412331064,2912022.3666766,1821306.10270377
412331071,2499924.55952148,765.728256305693
412331099,537376.697335471,319260.91372317
412331101,690803.001124665,390540.233139258
412331102,678858.508017471,535355.641382316
412331103,827170.251659203,453772.547844683
412331104,589160.573957188,384666.710854663
412331105,550120.368935801,371552.230096226
412354264,2202843.62586432,645.209526480646
412354265,2113753.27367811,1781.63431671091
412354266,2538113.51239119,1721.1524560193
412354267,1959566.88899761,447.139386929447
412371191,1683502.73469486,740681.637164757
412371192,2834009.77605078,528867.323325365
412371197,966855.593703239,570397.393676658
412371198,833499.249371675,582296.141811064
412371206,2592640.24653963,658492.472032743
412371207,2599475.45177175,400248.178722693
412371208,2593271.35290439,388846.428809991
412400154,1723464.78700425,1361018.3801813
412420195,4313309.07909006,2430743.65113742
412420236,4495434.31686931,1099549.75200372
412420237,3886338.93289196,1246766.24030808
412420238,4589417.40521809,1239085.22265227
412420239,3162505.54213419,172528.285973481
412420433,813863.496499978,344439.374600098
412420434,4663245.84684864,356589.585331388
412420435,934490.607660992,327038.511545301
412420436,3883298.99734233,501251.436095876
412420582,2021219.47549897,1404498.47105539
412420583,2155858.77711607,1572243.76228221
412420585,1917675.64981709,1424974.39746464
412420792,2175278.37439998,1407702.76591008
412420793,1503666.92945321,1244873.75999121
412420794,2591604.35231858,356766.094259443
412420795,2764536.14602372,398392.207385306
412420796,2072235.77639014,1222565.69114686
412420811,4185873.29985606,1902321.96920797
412420812,5111910.45873201,2037861.03960353
412420813,4504846.47694854,1820460.95323118
412420814,3698279.44012743,1965943.69079018
412420817,3250507.56713411,682398.310469624
412420818,3116278.36262377,1397668.12890892
412420819,5284840.67851963,1743831.17247407
412420846,3946139.30723504,488888.134802177
412420847,6952769.60136172,916088.756564536
412420848,4004571.6598442,516217.592052854
412420849,1724956.10113402,542586.815826716
412420851,5915938.19997669,609740.020244031
412420852,5275436.38344802,1318041.20254414
412420863,221437.679726167,107204.838892938
412420864,1102388.36709951,121870.772588751
412420865,2152889.52043405,371592.654753662
412420867,1040055.72351447,140179.98728976
412420875,6557807.96574036,1333285.51885664
412420876,2843817.33777374,573515.776564616
412420877,6743608.56656184,1369039.20683375
412420892,4336332.11444219,368228.724203609
412420893,510977.407177367,158937.720705203
412420896,1575946.56225,1064309.02752066
412420901,1711661.46444729,1597530.26302557
412420902,1634233.98533917,1564859.03594987
412420903,1682514.50339644,1545187.35174874
412420905,2153300.83164339,1356484.33128002
412420906,1703119.59611685,1453982.99435801
412420911,2959166.53674233,700120.71770502
412420913,3118201.54465811,417108.133307026
412420914,2455114.62694398,1335172.96804614
412420915,2652973.3091345,1358627.49267753
412420939,6489339.99079139,926372.978415907
412420944,4914198.71635857,966955.678457709
412420946,2238887.18865485,1378530.88939193
412420985,1757102.83178002,620771.086546068
412421023,2405866.97691506,933732.801746265
412421025,2125594.80441438,348333.3551007
412421026,2381718.30814666,951617.579679759
412421077,631551.586739981,289547.635039728
412421081,574573.377709288,298610.157792909
412421094,4157421.508327,1086037.98221446
412421095,1557539.50059435,569426.438566152
412421098,1624781.25508764,274080.844899311
412440009,1657134.74751994,449505.559926303
412440011,923452.196408184,271751.641159255
412440029,2286515.74699584,1098161.16483593
412440031,2065383.8820121,1359340.46657964
412440032,1619067.69237952,572551.583749309
412440035,1956750.19405565,527956.187746981
412440038,1932220.98406663,596155.020027855
412440044,925853.768656391,99692.7487848414
412440045,1178872.34454,431613.099904344
412440046,1498614.46560527,524148.416099702
412440047,1600474.55902569,512538.099676083
412440234,3378324.20277327,878827.975359634
412440235,310463.320160846,24579.3937200704
412440237,1412188.96586268,81820.9674385283
412440238,2102515.9671079,814345.278103441
412440549,1451849.54615261,372534.972545927
412440551,1061730.11524497,433554.810153626
412440552,1002072.38428583,451190.076118863
412440553,1125040.69991218,468650.719725036
412440554,1121807.36145082,438426.521552108
412440563,2272921.91385755,1003669.09383788
412440564,2109248.86725307,803250.25964392
412440801,2017160.70289784,457333.631128642
412440802,1077610.46577999,445299.526872894
412440806,1929488.81389185,659700.78823352
412446782,7608362.41418811,801169.423944766
412446783,11189531.9212107,623482.984924425
412446789,1233871.53613718,245071.400858417
412452678,57702.0313603328,19017.1145115206
412460001,2006361.04912687,563458.883282111
412460003,841826.720941902,453555.726830938
412460004,6150995.65509775,526226.614266148
412460005,4931386.80441548,671576.344293873
412460006,5159336.79762307,582471.224621924
412460007,4830015.42195333,538637.105966885
412460013,1700336.25329267,525822.640169622
412460018,104862.236330842,54864.679093214
412460029,5509868.68616015,689431.13036052
412460043,2178408.16381634,506015.803840239
412460052,915124.090514735,453233.691498652
412460053,5114750.26853969,608070.573053668
412460054,763806.383336496,381967.12238596
412460055,720271.358249144,471681.738634186
412460067,882666.053616847,511297.310820173
412460073,907640.629582034,526812.833416993
412460075,683080.648916726,418582.649259212
412460083,862637.310202733,521273.676338089
412460084,5242760.71470583,668059.501409859
412460111,803661.174544265,428884.491562489
412460112,2221226.79174354,257506.321358161
412460113,1087466.21183786,378442.087080315
412460115,847855.510073308,378425.63021866
412460116,1799038.45988545,320008.85543304
412460278,3775435.42241366,1807566.58582172
412460283,3691912.8959346,885452.341815445
412460285,3644428.52889316,945884.578506434
412460286,3373814.52944532,489217.834749537
412460287,3652932.89450395,1008877.78191587
412460288,3341385.53426166,701386.346071431
412460289,3401602.32038136,940119.894891262
412460296,4109912.09812665,244047.190372764
412460299,4853176.96523591,565036.772851716
412463901,1523141.3986733,1452131.02008697
412463903,1923327.14217898,1033469.60588304
412463904,1912022.52798413,978867.397519876
412463905,1609143.5157352,1290718.62897446
412464117,1159636.02293142,619293.800330622
412464153,635024.51081145,419633.02535223
412465075,494741.395661346,438425.596134704
412465076,610914.781667392,404332.580635004
412465077,513931.828329599,459179.608944678
412465078,536754.613067773,467454.267197769
412467334,711502.369259965,437157.126426883
412467335,480872.844260389,290503.301355097
412468636,595280.745101656,304876.110407372
412470420,521409.247347906,301725.337797393
412482984,8024.5049497119,3755.15827501049
412500156,1463461.2139663,232207.284203584
412500157,1733933.77704833,825909.507231756
412500244,883886.838396465,631158.013636286
412500245,1364062.02796512,495266.629772354
412658750,564610.23628174,520464.761299681
412658760,481246.431586502,409441.065809503
412667940,3363351.83449471,1445504.10481348
412674190,1471977.08471555,454128.990857938
412676430,2107298.07472564,693322.981837274
412676580,3601682.88025367,2339863.8019557
412677470,1856997.94418261,759532.499859959
412678036,1939497.99220144,597704.230441951
412679030,430045.501818821,281012.916834838
412679040,442422.310144045,270609.28925161
412679050,532891.7664637,345072.482935236
412679230,1068567.06251643,318919.358483092
412679240,1945858.94539924,941529.34090154
412685210,1588148.47359114,649802.359691842
412685220,1586246.67166878,601299.091875171
412687090,479084.444138574,287374.859981535
412687110,416753.150368764,275369.713871836
412687120,509168.736211854,326290.871287308
412687140,354761.807822669,236172.881127959
412687150,447501.971851632,290325.762280759
412687160,588805.23015733,346820.1650705
412687180,491925.648697847,274631.545495119
412689320,1016098.44926686,414493.814287146
412689520,957550.595661721,292799.714309511
412689530,774554.413265144,416898.227572832
412689540,377488.487753047,218263.712949988
412690470,1411910.79054709,1150093.1677323
412690480,1206747.3085245,566853.558683027
412691230,2033090.75483224,428794.955203711
412691290,542703.462701853,80677.879549487
412691520,1084833.65554647,526513.426326601
412691530,703389.931668325,468096.303300614
412691540,923536.977077368,446131.724909167
412691550,1188398.56078786,472486.422733589
412691770,4728807.02334651,1024377.47288597
412693340,1980454.19748606,449181.381040844
412694520,760066.608000458,377263.487329772
412694550,350078.365804648,108204.376981697
412694580,420037.70755203,293187.686057017
412694590,634961.095168638,283460.659013788
412694610,645142.002044829,265273.14356105
412694640,4018799.44535008,898902.540721775
412694830,3395246.11029149,970054.926848994
412694840,3373780.02310011,869830.396061884
412695170,537384.99483756,367344.868686734
412695430,1668136.6482283,491408.879119236
412695550,3486426.4543905,2012180.84148577
412695560,1656139.30484419,302944.56610229
412695570,2902546.47697204,8916.72335663606
412695590,196407.434763448,20659.3299508381
412695610,2722310.22675069,24187.1514370945
412695620,1857871.50082096,841987.36138705
412695630,3540396.39045962,1457517.68797529
412695640,341022.620342468,89736.7477668255
412695650,3727194.46579665,2458828.91001466
412695760,4008680.61423372,1551597.22071985
412695770,4340992.01204785,1004202.92078425
412696740,3224507.76220434,773643.668612541
412696980,763681.707170643,483210.111387787
412698150,817617.175591723,477382.4713566
412698170,603885.736694905,379618.33479123
412699440,656859.627337517,538427.116685721
412699450,647834.150834745,465572.507007903
412699460,543100.469773129,364102.708992926
412699470,565531.150076919,497937.933976408
412699520,545145.944038683,453276.184493239
412699530,783483.576343914,566255.844637225
412699540,1147986.1957958,518476.998835846
412699550,657827.907198146,582747.596421376
412699560,742465.956567463,667915.05359203
412699570,675068.377231551,314474.25908713
412985000,3898825.65630785,708861.193608881
412993000,1320290.37224061,548167.486663473
412994000,2408825.86760708,110631.043922585
412996000,1361890.30163313,348217.986437719
413011000,4085647.7527068,779573.756396617
413204940,727549.936072144,215743.281910736
413204950,641406.735466235,350018.663985612
413223000,5329919.53730421,552752.608352559
413270220,0,0
413270430,0,0
413300480,4126738.44493333,1218307.26036313
413321670,667001.599846471,309561.582682712
413322610,1266246.57771199,628187.490716116
413322620,6509180.84543207,721472.470671806
413322640,781538.287459937,259351.269898643
413322660,609040.329385946,134940.449024841
413322670,789880.768197747,262236.186402023
413322680,1283296.3923935,639806.768773365
413322690,1134824.1689949,369141.052358895
413322760,1085336.1310204,445034.717329866
413322770,1162875.13438932,508008.732609176
413328727,2547220.68240047,420654.032824386
413340000,1004330.4381919,510251.81192023
413341000,739656.619839525,507751.469204138
413342000,877561.484524055,488613.951781851
413343000,909836.817440382,533471.826073327
413344000,868339.378420157,522346.413505418
413345000,870364.698781308,493417.525402664
413462010,1306340.17901574,426785.942633648
413501950,989755.091482856,782604.716737056
413691210,1705293.25303919,700290.368354213
413693270,1757227.87600349,664217.745100209
416000013,1987949.4878609,1037939.035671
416000029,695732.954546267,526886.226945075
416000129,364810.065984126,77038.8291936638
416000139,1358196.27565692,363777.755589572
416000141,2361151.06849331,1294427.79703673
416000143,1423438.39744296,1077142.12592855
416000144,1225200.03990541,420134.973698145
416000146,1391352.77384524,1172391.23624982
416000159,1737032.59595564,27627.4489407639
416000179,4956703.08805394,1067298.17219519
416000199,215216.408971212,48473.6636242408
416000211,1345585.27420496,650545.218645482
416000212,1393262.75431117,312042.760513088
416000221,1799602.91779676,650066.3186463
416000222,31023.3229797018,14359.1608555044
416000228,2509256.44511263,221902.574327967
416000234,392949.844767114,66407.0748525948
416000235,501042.927864153,49037.7583459823
416000236,1568688.24569648,488885.199312176
416000237,667175.05774128,376785.700139083
416000238,2295939.55814109,876231.927426266
416000246,1332824.72810319,331944.3230871
416000247,5717304.51736595,709222.602446932
416000265,465781.808676817,293368.63966442
416000275,87249.1822861642,32991.2970130467
416000285,553521.016660688,62333.9075734352
416000292,496644.296621689,107116.322740593
416000293,1483859.26301601,1236299.60555254
416000299,1865432.24008993,977721.119794767
416000301,1345407.74729167,573031.223545621
416000307,55215.0061938969,21855.5132948773
416000347,61162.0224642197,18033.3285974369
416000357,190942.970876263,33336.983601407
416000358,2846036.89219951,273196.661818651
416000361,403170.661080151,176399.087443306
416000381,2495652.87747292,702874.194080316
416000385,1209998.39667011,337234.946716687
416000392,412859.123043636,230454.515367963
416000398,114329.774495876,34348.4648902586
416000402,970678.850819723,167604.636258896
416000405,1534757.06901177,1247450.37542221
416000411,1656177.25731051,818900.744044415
416000412,802041.538245106,483308.324156035
416000415,165218.551526948,42048.5574590523
416000445,308668.562159917,167246.824557204
416000461,2055123.59336765,864271.287819958
416000462,1677155.83441585,84355.3475544784
416000476,3033754.76592848,617603.289688509
416000477,1728555.37306075,128362.699636435
416000478,53115.7811747359,31069.3361711413
416000486,968881.013287528,346016.751511818
416000487,53603.3238508854,21490.5674288893
416000502,2194651.3009992,772180.36809128
416000514,263985.319466747,123197.640450971
416000594,3052507.82842203,736149.742469613
416000598,1302410.60930662,757477.812786018
416000618,128844.765627069,25718.6423391136
416000632,620877.719951058,141752.999522495
416000643,752171.251911333,305241.763881942
416000662,1500015.89991559,754461.41298708
416000667,244287.958204277,16997.3843287797
416000702,58348.014783681,13763.7714804319
416000718,88673.2962889621,34393.397711435
416000737,563663.097596663,477438.3005458
416000754,221782.780323382,53103.6036038765
416000775,2897035.82875482,1229899.94485907
416000776,361275.185255192,210940.772581747
416000784,1811793.18210465,628525.844144054
416000803,1384751.32089133,670217.321014648
416000807,163210.659063162,74509.1663842683
416000817,924067.494011509,390507.765613468
416000831,1312324.88840707,172060.595025293
416000832,210995.872689329,143590.692932834
416000836,1596836.55764342,229833.708880787
416000853,308915.249526443,208492.269297682
416000855,1044660.12401343,144258.161776772
416000947,414705.317103577,283532.341320512
416000961,96247.4952548897,16666.9091580414
416000964,364268.695340259,36396.7110676317
416000974,453614.003844307,130153.945072609
416000978,595710.812098859,165280.736648486
416000993,1766669.86692077,118231.548671981
416001007,83148.7942949397,22919.1442701642
416001008,112625.627289375,59454.8364670988
416001013,108394.205476343,64733.2251454424
416001021,82664.0209249097,49910.7375197511
416001033,459786.624764028,48651.0429256108
416001047,756252.797702742,408311.500847765
416001159,527925.543644208,185801.288101639
416001225,2587049.50644633,2393416.41800397
416001228,1457801.35730849,892487.304752634
416001233,1087842.9769316,484211.375196528
416001241,76746.6809998725,47509.1861677159
416001245,6437951.99373305,728552.449796356
416001249,1518528.31246207,213606.802432466
416001251,57707.4430799726,29249.5250723164
416001252,1803093.38192144,632798.78467418
416001255,892436.917734968,429925.145861671
416001344,777012.438816937,153330.71102682
416001354,203604.361657059,38896.7510951652
416001355,2068303.12822448,527692.713855633
416001358,111778.062671435,27897.3682113966
416001414,2953651.19649559,2395750.53513806
416001415,88500.0287231102,65869.5042475213
416001421,156991.383976265,49547.449727448
416001425,76515.6816825203,18245.5124615026
416001426,45969.1870945462,23058.0830824508
416001432,117341.454489625,63235.2133491052
416001438,68584.7876388157,22006.3904163427
416001447,1192398.43994158,504769.81291973
416001451,1936684.84468594,776539.524085754
416001461,108518.427947227,28606.9428138966
416001471,529630.093912678,304649.186314819
416001476,1490549.3825626,458513.894733063
416001491,445558.251682328,159806.685466926
416001511,68223.9937959648,8424.46965710132
416001519,2911389.68814083,1694230.33977979
416001521,82483.556965258,32208.7572110012
416001528,114579.320866192,79820.8410120892
416001544,141883.202088176,18728.2212687432
416001547,96380.4175585313,71300.0972200359
416001549,84496.5927048088,28907.8569864216
416001619,1872957.61149792,1230844.58571909
416001645,71942.8345380294,20683.9042048314
416001745,110353.887767223,54060.9025888551
416001792,204641.197890031,22857.0335497399
416001799,1637844.26764518,783549.29499503
416001821,101583.125072441,21613.7095084767
416001833,1433046.16789242,286031.38626062
416001845,110133.50644999,63184.1135241721
416001967,132005.547408439,46165.6603483749
416002051,3043859.89679924,630248.151255516
416002067,211632.960346078,148608.20095917
416002092,1629121.25115877,842270.858311988
416002099,827229.906252137,426782.670708617
416002109,351454.322192275,184587.652215041
416002112,313145.060008692,166763.4066133
416002117,597404.505187555,466513.790349893
416002121,226618.99224048,62264.4175644897
416002131,612341.883445903,117533.169247821
416002137,69372.0635997903,39079.7473130124
416002141,465741.945224509,67706.8201442217
416002147,366540.945212886,190559.322768161
416002154,423975.754364784,110614.509741235
416002165,170992.439434971,74004.2998492119
416002167,269716.065393583,90670.5106555497
416002168,1156829.12824036,382425.195885598
416002173,2439223.11612969,253096.632687003
416002174,669810.225434867,200504.878656648
416002194,990468.023334362,211984.228221907
416002195,1345855.69020427,387372.200336471
416002198,1867519.49654152,1401336.4394707
416002201,4040499.19292889,994731.398418738
416002216,3314427.88702604,1096136.26551631
416002218,359664.443246016,99850.8295145112
416002222,893929.273525189,87881.6132774184
416002231,173632.960508575,66491.6448474303
416002257,1514597.38298235,322974.226458495
416002261,3369989.01159123,468979.409999809
416002291,2947397.02329327,116317.787200319
416002298,1865090.70893163,1051775.7997679
416002304,1810275.06283425,1184140.31272475
416002323,616967.513333566,351875.17523926
416002324,1435764.61884385,1014163.40694976
416002329,212515.617497293,53599.3683769847
416002343,344272.572264748,244482.855659989
416002348,521789.133178169,60108.5666142982
416002353,119290.290826682,50288.1187940858
416002357,1766251.03693733,204869.609914589
416002362,93531.9757915317,43002.9123618384
416002374,3231277.05950771,444476.467741659
416002383,123274.611208328,44456.2769447765
416002404,2332341.47803827,1072302.33877913
416002415,525570.034494627,58117.1595524268
416002441,1564213.66319778,1004359.30218615
416002445,2659498.45641096,198127.482067316
416002446,2564017.42518607,1143090.79361834
416002452,1622637.14241704,952436.697279357
416002465,1683375.4602182,465494.863206805
416002467,979059.865002891,333113.999341969
416002469,2974167.5506136,593608.904201514
416002481,948419.580285393,363983.39691509
416002491,1218757.56425046,381532.671331653
416002492,1547963.61229708,675798.997210778
416002494,1282356.61003818,87048.7479014973
416002514,512228.200874262,328828.249970919
416002526,314481.05356515,117126.847906855
416002527,1602728.80975134,1220732.95432462
416002533,118967.750492236,21809.4411776249
416002537,1520339.00605368,781454.859987756
416002545,1166127.07753938,834391.586040622
416002552,408117.589736946,104772.296682911
416002556,3798639.8210904,346718.760137038
416002569,1858869.29451717,1107195.66846685
416002575,718786.056893554,161235.53368909
416002581,4000546.54975145,965451.066719058
416002586,2837529.4694372,318326.578944985
416002591,4364093.27693085,185201.999426204
416002596,1270652.83750163,303145.249362506
416002605,2315037.92242711,723723.913097081
416002622,1685865.41083927,269171.058116722
416002631,1930800.75154822,381683.230027689
416002639,306181.762550206,62727.8545652645
416002642,1927896.51126648,1324862.9165305
416002643,1441501.82372848,1048609.29716839
416002681,688564.640339276,469465.614410813
416002682,1982297.31906723,456545.320598354
416002695,3909869.55525188,2131068.31851395
416002724,2064162.40171667,610097.931365993
416002744,2837369.92205623,1314494.13450608
416002747,1538336.66005608,608405.937291643
416002766,27432.0172279034,14523.7875549999
416002768,1899023.23002818,1316294.32181432
416002804,2222725.24679676,1174001.91532652
416002813,1603562.44177923,775181.851564744
416002825,1353230.28472506,482499.432676707
416002826,2605603.70137662,1257755.7777642
416002835,439753.923589752,69567.2477003488
416002858,2200382.26262322,479710.906048923
416002859,5868779.16283975,721857.394452298
416002888,604788.239064395,292010.620500101
416002896,1380955.65338157,403480.471014347
416002900,8210103.81885634,1592010.6699929
416002902,0,0
416002904,2937561.62114311,1503468.55928839
416002922,1625722.1718001,470878.966196076
416002934,204465.758524551,54258.4864995708
416002946,885336.794599179,315122.5325064
416002948,5808750.15718815,2119275.97082221
416002962,4507250.3568499,766128.480638529
416002981,104637.914579161,44147.4595857444
416002983,1606430.63227305,1220779.16460326
416002989,337081.666019474,116648.941362287
416002998,2648039.33152147,1335175.49015559
416003009,1283036.86207311,113450.479243123
416003012,84072.1075998775,33775.756341437
416003021,1894588.31537096,822743.6702838
416003055,57384.3216424697,31088.4045258706
416003068,2042094.58172994,437242.054889126
416003073,2594990.09686998,1878050.70114159
416003074,680002.06219202,367247.586616878
416003089,522966.595815832,360556.780589802
416003097,1658075.30937178,488078.150164103
416003105,3529159.99064768,865112.139279953
416003149,251918.968211592,56821.846735785
416003158,188430.390260201,125102.046356973
416003162,1376589.70176119,765733.75805685
416003165,6475113.17464182,2009067.56393488
416003187,590505.771139765,76488.770219024
416003189,1995636.17375998,575368.291397098
416003205,1544156.59640165,516202.037012708
416003236,1406059.30541763,431987.852978113
416003272,259434.553776965,103138.285906328
416003306,1896772.83737065,745710.284323393
416003315,2539949.00554275,587874.128245417
416003371,1315033.74585265,512157.817081257
416003386,56423.6768772592,1376.12012683874
416003408,69442.3206072253,36656.448269971
416003409,1573647.01721445,295841.492164711
416003413,1787377.11646708,172657.664717036
416003414,2201829.20451164,1198706.60908041
416003452,1840983.52547782,579232.066503565
416003463,1885935.56108023,975031.246217294
416003466,330657.476558221,162407.840758108
416003472,146394.087349348,19178.908378141
416003483,1796065.36925096,94945.1278007538
416003505,336450.784709441,259474.195303444
416003541,793785.794933107,92660.7181007669
416003556,4082434.0046247,692359.441963759
416003561,1854522.49654319,802078.476364644
416003609,409100.529633423,50245.7417937797
416003624,203860.492713164,33375.5571427136
416003627,277656.367474994,134603.445618773
416003647,6576377.56403747,1787952.52468367
416003658,109070.392254104,26458.2613979767
416003665,3421308.65696163,566593.529208541
416003676,4058455.93893789,606057.509607558
416003677,1578018.23668987,332589.336822333
416003700,2976224.18439541,466860.346997362
416003709,3266676.43016492,1207189.5785091
416003735,2114511.01867004,445599.767403029
416003741,740663.67508872,587253.543289069
416003742,433765.940978315,174204.684345864
416003756,4114201.71566378,1087100.94545785
416003803,4425516.47367413,1168321.69994624
416003814,1230006.26720638,336546.60629792
416003822,4032329.97886307,1258503.76424395
416003854,3812251.00628395,1054137.37971334
416003867,414538.293755974,88668.1458079624
416003869,1824115.91328186,281162.003061603
416003874,3252576.96501592,1120278.83238155
416003933,360704.666791328,101511.899510395
416003955,680544.347061863,432759.863916801
416004043,899458.156262806,458217.806248909
416004044,682555.389468471,566624.785443192
416004048,218926.803668663,109492.657379136
416004049,6384771.82865601,304275.742116989
416004073,575964.337190969,307140.785967009
416004084,2149173.0349199,1388215.14188491
416004085,643504.517111512,361271.073652036
416004098,3289471.77440218,473569.112615541
416004158,1721622.76758202,372158.760033956
416004166,1718262.7938081,103783.440991289
416004179,1234925.93130233,171440.280854659
416004214,727963.333011452,87008.1616946604
416004242,1964869.26729502,350105.1524833
416004246,593044.610009903,390551.999972546
416004248,2435732.65959902,686564.150859993
416004256,2717535.91312621,930964.036638248
416004268,655234.599751395,524355.775058556
416004299,2226396.55244649,555332.617871455
416004339,1421247.69267018,816107.73801708
416004341,401789.252999342,88886.1904601582
416004342,1492720.66568639,430956.129164087
416004368,1368882.44205559,1023939.39879361
416004372,2901172.54815921,910159.464531924
416004375,2705929.59510215,556438.919450911
416004378,0,0
416004389,1503101.83534974,246558.91878228
416004408,0,0
416004409,4563896.63974354,697532.70684191
416004411,4431495.75763208,379190.117770126
416004421,4416410.02110854,854670.094713992
416004442,1969486.839657,275558.229205099
416004453,1010361.18898307,710812.861281539
416004471,107490.307983995,55187.5981416861
416004501,4364303.24903082,932314.462638029
416004502,4260453.46129856,993286.54285023
416004506,33988.6797807041,15857.526206224
416004552,4264359.63750501,1178397.70832335
416004553,3281061.39628283,811007.046564632
416004565,4438808.66846549,965434.037807483
416004566,4096701.34465729,734568.632897007
416004582,813146.198107686,397411.269507834
416004583,3460917.18964446,1479733.85998653
416004591,6229423.34919218,1501356.92795146
416004627,354588.672148846,54290.3470882731
416004662,2183850.99553666,265731.038448188
416004675,1051781.89434307,299070.724431792
416004685,1246217.28659476,90083.5231065428
416004687,1088685.23955897,445512.230671291
416004696,104254.618501438,46122.4901763809
416004759,4342583.58535372,1872863.83086096
416004767,26376.6675666396,15166.5197240807
416004887,1975976.26003252,227376.371066904
416004937,0,0
416005002,116237.207019105,33671.1809614919
416005085,0,0
416005097,5878258.60221596,2063037.44790496
416005149,98959.3021394519,52968.423894138
416005188,6742871.63743186,2993914.84032905
416005220,6952319.60287747,3598462.45221719
416005248,0,0
416005265,83872.0175202039,49692.9164308608
416005345,69170.8778802083,25668.4823804036
416005346,84541.2976943795,14680.1518112364
416008800,3464416.4659995,772199.487229489
416016872,31735.3842689164,10764.6710834698
416023367,37631.2266297219,10797.9288851149
416029255,37142.6405810389,16916.0318856234
416032700,6864649.55814586,1592959.45062282
416035900,8088.6256213388,0
416039500,1612061.87500553,208002.467702829
416039900,1684134.87913008,94201.4556580021
416052600,2235857.94744039,643230.198300989
416053500,5106616.40198521,3000530.93443521
416058700,10729.9174518975,3754.86571289181
416058800,2476841.1888498,0
416066555,139872.269618794,83965.1760455261
416069700,763780.68525924,540014.943595289
416075700,1569299.13003722,273206.656095484
416075900,1619545.01200096,1252237.42971565
416077500,3569930.47367773,542314.02896935
416079500,700781.20487807,376460.722641571
416081500,8002190.36021635,2163315.49072555
416081600,8013941.84563755,2053461.24814669
416082900,1566922.57093676,925989.799294375
416083600,0,0
416084500,1678918.53717665,631878.042668125
416086600,3980692.36062887,511029.027072925
416091600,6507682.58704135,2348640.44237186
416097500,2190259.44969148,941285.708639382
416099800,6803045.56269831,2632894.03756401
416101900,810335.794877739,388606.768067093
416102500,720333.221726414,393845.187708865
416111500,8074686.50520162,1784214.62567828
416112500,15057.5914703903,5638.85886417783
416112600,0,0
416118500,1573149.19207301,492847.584096365
416119800,2053588.9343939,890410.452171424
416119900,1483704.21498674,634288.337579474
416120500,2809636.07615517,405323.09627655
416120600,2223902.85850252,430785.517921897
416122800,1992177.36160598,738291.075809969
416123900,2027578.77313147,464213.403881438
416127500,6722248.25744314,1711993.16520164
416127600,910855.192738706,812037.886522386
416127700,458252.817556252,224529.846347435
416127800,6463179.42680145,547556.335703583
416127900,483294.127275858,346825.322480805
416142600,1837008.86545803,595153.250680117
416154700,98993.918989742,61798.6308690145
416164600,2685411.88783454,421894.863838509
416168500,1059842.46780354,495356.482091784
416168600,1245469.80429157,836845.448926878
416171600,3700925.72259901,635380.372717401
416173900,3255707.21788667,589875.753638615
416174900,6803766.85061021,2398287.63563284
416176700,2092449.23223454,1195201.283255
416182700,121457.903512091,60860.4986120532
416193900,798294.122475114,549187.792289826
416195900,3757980.20159248,403947.442476552
416196500,1622653.63863768,306133.577107558
416196800,3747131.3925733,342578.650554391
416197600,3069082.32833398,1116522.94416489
416198500,3879189.49391436,1143859.93861722
416198800,1310273.3522306,831033.101939295
416199500,2112418.93991233,932312.616476441
416199800,766906.705537312,386471.823966441
416201266,79863.3562683446,28348.5339155145
416201800,120958.31462361,63727.7463967849
416208900,3999845.00566989,447402.884504326
416210500,1551392.36194375,161074.835757475
416210600,2201163.37267034,670412.484311648
416211600,1801705.83564541,1204508.84748465
416212600,1591171.94903245,438010.048187318
416212700,146922.011594995,27365.683825327
416212800,2997705.07085209,828377.286251415
416213700,668876.322469146,129928.582600301
416213800,3268910.53766964,437651.554222321
416214700,1645020.76877606,108973.98347438
416214900,2395884.62271144,811599.157270212
416216800,3305553.68825569,470146.931938812
416216900,326992.259921534,80221.3403776815
416217800,1389022.58627217,497788.295121739
416217900,2240074.01084502,1174394.35116075
416218500,1760020.28816362,1666051.10372434
416218600,1965399.86903411,334297.560561234
416218900,1790107.34044796,352643.896251753
416219600,1679821.8939726,1359024.94058381
416219700,2143803.59260856,988246.03409166
416220600,1575216.03907133,603635.841609505
416220700,633489.847708796,248941.466320514
416220800,788786.013453677,478252.563724171
416220900,1746403.83031557,409816.581392886
416221500,3152000.83337151,878012.313937985
416221600,1675271.86854163,41062.0120453805
416221700,1207241.99627155,329869.233730335
416221800,1876133.44628639,659436.375087229
416221900,2001534.42173839,786098.836522351
416222700,3265047.17510788,598454.164320604
416226600,422619.503080027,67773.1181534552
416226700,1073954.57896998,219981.149453546
416227600,1893748.20208571,969360.705220944
416227800,2464145.82486191,1078398.36872093
416228600,1362617.35409279,202329.701038179
416228900,2841696.57769626,2169583.14964084
416229168,137323.014281726,67703.1782978887
416229600,1949464.72918971,1722319.92888685
416229700,1297946.17949374,666320.109766216
416230166,136867.386681831,64251.3158308894
416230500,2216875.42548263,547393.727636631
416230600,3453569.14299299,1914643.62371015
416230800,2194305.56868801,754066.495698178
416231500,2124058.47766608,479475.692635111
416231600,1840902.78139697,378612.212786734
416232500,2201071.79098192,913888.730711665
416232600,4373422.12932331,913052.216105392
416232900,718092.217159358,468799.642166973
416233500,747678.524323489,407251.560586214
416233700,3119667.20742912,1278567.65777775
416233900,7340199.85458903,382643.67076705
416234900,637303.909485519,456434.274582745
416235500,5766287.80344312,693188.522005344
416236200,639600.683164405,140099.003009929
416237600,4589880.09429843,774593.112940067
416237700,2753357.223455,246338.478079197
416237800,3138079.71758657,624160.242279024
416238900,0,0
416239700,734018.465082738,557992.000146038
416240800,2840219.78471346,976355.797321498
416242800,6332537.14471098,1561428.34514213
416247500,2065239.96789802,180792.041339992
416251500,1988193.69695124,817479.196992634
416298160,725156.42013825,582970.746531164
416298180,686174.027705978,331492.740418831
416298190,804763.523595786,372221.278563302
416303000,2657842.51094989,453565.896101581
416306430,818628.019011982,99294.7597684499
416306451,879106.438704812,458736.922032876
416330000,0,0
416338000,2691333.06193401,548501.394848397
416342000,1901907.59737225,551714.734003526
416349000,2689732.09763031,467491.985621974
416353000,1456639.70549547,302486.154265535
416367000,7718718.25148159,1796240.11072026
416368000,4128059.06493047,779420.707252563
416503000,1515181.97075526,447208.984812622
416529000,0,0
416530000,0,0
416558000,0,0
416623000,2149842.14126661,947089.132523148
416631000,3278575.64227859,630452.052908394
416641000,7597025.12889623,1673347.01659807
416679000,6580210.8544971,3219413.57460169
416697000,5460988.24365271,737488.378239241
416710000,2024111.12184414,888545.860779949
416717000,6929318.6665819,3012019.95783378
416731000,0,0
416761000,3391753.19069757,747251.292354557
416771000,2812708.8618122,0
416775000,2456613.64205545,3319.06896197944
416779000,8028470.86391719,1894957.63748094
416785000,6587832.72032576,3294739.42474359
416793000,0,0
416804000,3254807.47196211,2360522.93260175
416815000,3224268.38156578,610918.044169745
416822000,1781002.33137146,450474.285535981
416857000,0,0
416868000,0,0
416872000,0,0
416879000,21846.3620689141,6863.2998735997
416881476,129482.164019072,66095.2490597558
416881745,71875.4320545137,19558.3465167243
416882123,158804.698109723,82666.0264526628
416883418,1497566.36153338,351565.133009685
416895000,1840619.69368562,0
416951000,1039638.08328594,101709.872104553
431000138,1235923.76940984,121776.944145813
431000168,1510368.55668421,946129.286736416
431000254,1353471.10407186,777373.736157705
431000343,1431700.90354671,1145781.13142489
431000356,1321669.00362763,423502.463289844
431000476,1853881.09512755,1133805.60622464
431000582,1681317.00849344,976106.204482112
431000638,1703744.90146246,627917.644723541
431000640,66075.0525124926,21922.8362255489
431000650,3498036.43394589,1057398.03061933
431000662,2111699.88132541,883654.648460803
431000672,1367080.1606889,212109.22409253
431000713,1147700.89712627,331307.765635535
431000775,1536402.90523269,1034183.10800042
431000857,1309364.7339584,1016053.77878008
431000944,1746503.82694048,514400.059242937
431001016,1101219.53950241,592700.915532717
431001079,1029629.47431236,1003972.11180218
431001235,1562379.4222677,1239066.76361182
431001322,1489744.35552924,590024.386316193
431001573,790462.291864069,315301.905319169
431002127,1103772.23756999,231457.70458882
431002191,771582.643349938,459915.32599914
431002571,1552872.98986396,492874.937111805
431002693,1309299.40284447,392404.165979049
431002995,553018.727064268,271687.776396106
431003252,1140935.60884834,784542.545685898
431003457,1546006.12498517,815634.462724373
431003491,1454689.35118279,1347288.52316747
431003515,1462792.26575182,1397912.87757672
431003949,203086.600359542,54713.437224707
431004047,2196886.26167277,919909.235133755
431004082,484619.263746368,266378.346535693
431004286,994108.10854992,320050.24619205
431004389,1264854.78501638,1034298.07268332
431004559,980175.929827635,516340.050015038
431005009,1269770.60300711,834130.67087254
431005381,1343887.02658906,765875.271768566
431005411,983557.531074771,209881.846142204
431005871,2391741.28274486,1216722.78352693
431006558,287022.155525851,79488.1072978008
431006805,308344.951998316,69295.8828013972
431006988,29665.6813570746,11208.9745499379
431007015,338450.147392753,79155.8242707353
431007026,103553.718411319,42070.3892966528
431007028,40976.8186441535,7215.32998101003
431007038,311239.49309471,99178.5424467523
431007076,253502.643168019,74545.6002157631
431007088,197636.615260879,30265.8948345942
431007089,66040.4520804326,30295.1480312938
431007091,186211.167870342,19875.4311664728
431007141,242839.3023323,30261.595104842
431007142,168304.11846031,66922.3881190915
431007176,217511.147155588,88823.1323781833
431007183,64907.682223566,27810.635170444
431007186,97002.3329122769,49372.3191042043
431007191,147221.265050494,18969.048827738
431007192,361704.229808786,52762.2269782169
431007193,152590.958035488,25920.9893400245
431007285,200857.19446798,122242.98034793
431007286,94547.6301352329,23514.875720016
431007295,63589.048686975,28700.7208650449
431007296,210935.588216062,77260.3830292821
431007303,1305443.20488537,169293.491746629
431007378,342323.703685416,33424.6923179435
431007379,123975.44052855,79788.6297479571
431007503,554529.85973465,170111.505941686
431007646,114371.035118031,33513.2369640857
431007729,504597.273520563,144512.249142198
431007802,174105.283795762,31490.4375082848
431007838,68383.0099276392,44511.9716043632
431007935,382913.884292162,181573.914313965
431008501,86179.2941495384,46850.1184475589
431008546,273678.996652643,64991.3194962623
431008555,223495.859079692,92330.011089799
431008617,250494.114581752,36730.9137454537
431008649,315139.88668002,41658.274828525
431008785,58274.832795974,2234.69218048463
431008791,183848.631701173,42374.1792676688
431008861,669333.377877685,73595.0006033592
431008866,342895.313361726,18654.3811733172
431008893,271743.19271981,36581.629094445
431008919,2207734.45834052,854010.908272887
431008962,92761.6819427077,38321.2785709281
431008975,175492.645492079,23945.2179533732
431008996,61863.8799732485,40864.7175506977
431009005,26711.7668915636,14563.9986994829
431009021,13220.1375019816,8710.39557850816
431009127,160734.445870711,18346.2928826373
431009129,122551.894931508,26787.2660624671
431009203,49203.5617735093,25714.4070724139
431009289,55350.38725167,31805.3003711685
431009291,198676.989051475,26791.950705675
431009308,287460.157509885,14389.4788302153
431009343,20986.9924275069,17292.7600572988
431009353,461786.631432168,82081.0750616268
431009354,161459.779362112,74786.3724234243
431009381,159910.02702313,35470.8994774447
431009407,318757.761732103,6740.11560436518
431009416,176993.411835884,19433.5906521819
431009808,70504.4875362603,41307.3650115464
431009916,20344.6215956642,14822.4625645083
431010018,137271.771709237,93268.1990753384
431010031,32067.9764830522,15554.8338757338
431010295,40306.4556391761,21225.430621906
431010463,112524.10628711,22782.0640431912
431010498,122939.985795135,40889.0603568138
431010721,27420.7097469577,16821.2463813742
431010724,12489.033607227,1479.05174764119
431038000,4431970.04508039,836605.496103511
431053000,6245235.54876605,1089560.5989538
431067000,1463401.44355188,50456.4286539779
431070000,4216860.32869154,3215257.75605976
431099000,466538.014059031,198429.069253155
431100610,270702.746915867,134691.244221272
431100690,5326956.22630733,841469.071449849
431100990,2488878.84721028,327309.984656919
431101210,1389705.1646653,611869.275285557
431101320,4985615.37208276,621305.278087768
431116000,0,0
431154000,3696182.95805162,593949.764609503
431200070,1486687.33694765,1025090.45232103
431200190,8443042.85817008,2723365.55155889
431200343,1394173.97092226,486353.322193458
431200460,1324244.36996861,370440.255938945
431200503,1476988.61798744,355904.733006251
431200541,1321070.58325441,317207.08076174
431200570,1128591.18735719,604755.262328721
431200599,1857656.85228983,1087176.62941957
431200702,1415244.98150586,799001.669126409
431204000,3180957.02019925,698010.471784757
431206000,3139034.82460778,740087.08252364
431245000,6111688.45229919,444390.553199462
431251000,3538999.75017594,619571.610876945
431254000,3985448.51280934,566568.812457212
431298000,6964516.41355973,1526925.77880239
431300420,501970.319500868,388215.869298794
431301286,651400.322675434,203310.019043855
431301296,1477928.46730226,197449.771208643
431329000,3410299.40177113,925106.175730492
431361000,2379537.34640985,378855.921786345
431377000,1135300.02207052,954365.087037958
431380000,3150438.47873996,600807.69489334
431382000,894117.798780642,457405.641163912
431414000,1030890.65057805,609022.037170521
431424000,3088892.35107779,544003.50981349
431448000,371803.067091578,6544.47922767317
431490000,2215277.71218065,649655.658291365
431500040,1010397.86937237,730815.939803866
431500044,1993433.93422228,1306900.437983
431500078,892063.235140323,146015.024668844
431500100,210609.840712942,46911.0751568179
431500120,1518397.48923378,1052420.45748341
431500130,1638177.51864558,330965.647223928
431500180,1883566.47030844,814480.32517468
431500210,1051752.64461341,509772.557753304
431500220,1406642.87870146,1125397.58605063
431500330,1087087.30235956,323770.770519051
431500360,1305297.89358261,897353.930667961
431500370,875198.185393502,480787.336661021
431500410,637874.446200569,109146.073952361
431500430,1717931.00266571,801249.458686559
431500460,7715355.15799746,1578502.54666123
431500516,352021.08461834,170583.376559171
431500530,2295282.92938475,1844124.33822941
431500637,1575279.94940757,950143.598815002
431500682,1123885.95430625,398156.724955788
431500720,1036447.002643,730642.56497572
431500760,1347836.30831934,429116.421093277
431500780,141551.990854216,49347.0426655445
431500801,1177933.77411085,1028731.12997468
431500830,1363552.73673564,443034.359512618
431500848,964564.116135274,469659.881354506
431500880,1286157.02813561,788786.581760073
431500940,1286092.93062911,657348.819610864
431500944,1640277.04425139,823389.230283068
431500950,952073.140601365,247919.345520236
431500960,292140.139934631,207913.469819559
431500990,705971.23920999,479175.742795091
431501010,750657.605179204,297797.579491972
431501114,1204217.90257096,460923.376040021
431501170,1431367.55169116,157309.820770252
431501176,1553201.41486166,615470.027107638
431501186,903732.181698449,228556.307404449
431501250,1400863.4220156,1031473.73247448
431501252,559585.038828403,86680.9617612366
431501259,1399098.73419714,234092.814735389
431501260,1670675.91177491,1002951.82619435
431501605,1562161.48549497,901211.295244802
431501624,1649967.88705557,248395.512889472
431501647,1315851.86802162,826828.649315362
431501661,769283.90573331,197705.194769899
431501683,868606.833611827,410728.084668975
431501689,1407364.58852798,524187.522819538
431501697,336560.435272862,157513.786238366
431501731,1321149.76205975,929009.122085177
431501733,223977.420898752,54962.6026531072
431501757,1324976.826807,350767.413824989
431501762,1233638.3186235,520386.409903252
431501786,1535924.99051302,980872.045731396
431501789,1578872.4125365,830704.884247495
431501795,1482850.4646924,994139.946167242
431501805,2262463.18671816,596775.920737177
431501822,1142165.96117269,437895.35300858
431501831,860393.075702803,492668.531916055
431501883,1159717.44637883,481979.60744771
431600008,1151061.12977693,823365.422580372
431600065,1309881.98293711,395206.569568697
431600078,1263145.1603581,733301.045232235
431600092,1370919.10792147,848583.478720622
431600120,1691744.08825425,824085.197655541
431600140,2001402.29170113,750909.955332096
431600150,647932.09127559,132904.177475767
431600210,1050564.19611204,306716.590029028
431600220,1404118.70653139,992593.864709479
431600230,1329648.57925912,274393.202660403
431600240,1116839.33415237,514683.170122599
431600250,1517893.92796488,803864.048917798
431600260,1024684.05115971,370736.212252628
431600275,828061.437174628,465478.775709949
431600276,1668961.11454822,449507.169316987
431600300,1259053.55163728,234470.72493274
431600320,1490479.45968396,543755.664769873
431600330,344513.844060574,52549.7825004921
431600340,915982.485559137,583530.291583493
431600390,673530.683745645,291265.223903978
431600410,1225864.09423515,901675.3269531
431600420,1012333.75679297,532102.645731724
431600460,1822393.31169086,339503.028407078
431600470,1103696.27538863,330735.481739015
431600490,1006334.499031,598636.345000933
431600570,1006425.6613774,740326.626331989
431600580,1090123.91313738,475523.151945746
431600610,1013079.48969729,421155.693005457
431600620,1296631.459915,638884.138811623
431600630,1149116.59257491,745330.18647377
431600640,1285664.62283245,664624.046285324
431600660,1703514.07588668,957743.701031735
431600680,1258721.6342782,473397.64074909
431600710,1443072.62021126,321179.641967077
431600740,997189.809962452,262963.253411566
431600760,1355199.26150009,963262.01865201
431600850,833608.634618185,301072.367876866
431600870,837071.617480237,457589.575988539
431600975,145181.958338078,61086.637881912
431601070,564498.169279994,115686.289951889
431601130,1442206.11493705,181990.051294264
431601150,1701804.02966722,1096714.35187087
431601224,1623951.41700226,742067.247160837
431601317,160710.473251592,75142.1505355095
431601320,1766282.20354525,289997.450033274
431601326,1770444.39215347,348948.308780068
431601350,94207.4916686275,50600.2597462824
431601383,1784857.63676483,250508.157577333
431601398,199865.327942732,40126.4989778007
431601550,2588071.76663358,685532.834176433
431601570,1110182.71280504,177910.006532579
431601572,704984.040136099,363470.851604498
431601590,542211.005836207,188961.321018311
431601620,1083064.43900026,411164.311784006
431601775,1299335.49140916,166671.787466142
431601805,1057560.44480999,403720.012038214
431601917,2505132.18446256,841352.878644844
431601929,178690.047966705,59676.2353522809
431601931,1758376.49038038,52142.3885587246
431601932,1895179.37058919,301661.53289015
431601951,1573665.20449316,848987.671269584
431601968,260512.188877664,17130.5505299984
431602029,1298143.55868249,482123.602931703
431602040,864290.260263648,641271.303913964
431602069,1608824.57763481,647222.476208716
431602086,1800520.73984308,1010300.66000653
431602090,654669.676111891,197669.296637376
431602092,1712710.25209114,474960.307979968
431602128,750139.539393989,383088.524953316
431602156,1953573.52727118,533100.806094534
431602221,58949.7093138687,33721.2034985965
431602237,1692768.34004044,776686.752623021
431602240,1047470.24729661,684561.642395837
431602316,731985.019582951,497932.944551525
431602322,1448934.58560312,267377.648434488
431602338,962159.733681154,638470.728876152
431602339,1069846.49349694,256363.466705174
431602340,524862.966504029,95433.7032748903
431602346,1650436.49806161,652977.719126152
431602350,1512192.04964222,726681.50495334
431602420,1367821.37366778,746668.801120552
431602530,1562533.58414193,1044379.81620025
431602750,2504239.6851014,1118563.16011358
431603180,1669206.27010002,112447.697955112
431603230,323544.907076718,220799.326850846
431603270,1160942.58167767,444937.423830997
431603280,1910518.2860212,1188288.49368074
431603370,1606235.84261271,339988.102217386
431613000,2312104.93475046,603774.257313171
431644000,1882902.8917788,637638.296586851
431659000,1604517.15370787,926916.081133615
431663000,2003478.48321796,691898.460014936
431680113,818715.327392602,250177.249658823
431680124,810765.072969706,240729.26058453
431680129,113514.035325537,63544.7532173441
431680136,463184.082336071,188037.720993888
431680140,481291.153048538,227803.105597886
431680141,545504.771152381,252546.176863071
431680150,527356.828035425,258306.09251849
431680154,773891.967710781,145461.30032844
431680156,1002848.76186608,463114.781096741
431680160,357378.740409926,284966.874235
431680170,577405.202442817,426050.16196249
431680190,613871.660531463,224488.791147648
431680210,219169.661874342,124307.696695615
431680219,629271.878450298,97428.1260705583
431680225,860546.96475721,112114.439338093
431680230,1015278.16884519,184355.011802224
431680280,555700.785562208,254314.659829581
431680310,878345.574402396,380086.554168167
431680360,501895.555876168,215377.492522189
431680370,879994.294172132,278572.83021163
431680380,596489.665185255,159686.992438201
431680410,228371.416129704,126043.854900531
431680460,889189.429446546,151040.229832176
431680470,944840.085003058,680207.819402923
431680480,469970.464865698,344808.083661396
431680550,1296606.18349183,297560.399331284
431680570,417410.700169409,224191.571304845
431680580,525047.993238493,333072.951723147
431680620,521142.501092797,135422.559663504
431680630,537011.046184976,109266.622121847
431680680,883319.819204373,344648.784582187
431680730,501505.463175954,200502.216753544
431680740,339055.417638463,163019.092074801
431680770,1386799.69265863,335409.746915114
431680790,1219453.74391777,253767.529060099
431700030,3296342.83712443,440121.98889277
431700060,2786840.82116124,495271.127482203
431700090,2354310.70240819,461780.416376903
431700120,1596117.8685217,895790.222180033
431700140,1399889.14580353,1045275.97938529
431700190,1890129.3345252,1013099.96166028
431700200,4855659.4681081,976343.3093551
431700454,690748.51615183,196047.96766345
431700660,971309.827511811,427750.336274921
431700830,1193873.57989507,462427.639540381
431700980,360437.195813686,5426.52001281239
431701560,1949153.48962312,1084382.93225698
431701710,5329391.40567415,321087.244864054
431701720,1221136.52400227,639973.23890836
431701780,7201026.74277155,1596859.59099354
431702000,2684364.77953097,786198.847200213
431702040,1642087.91053714,988624.180865219
431702470,6399375.58416703,1552664.7536404
431702510,1158842.31965315,987774.594640646
431702540,1630333.07172094,891595.705905639
431702640,4054704.4228864,1309336.33419209
431702850,4454097.95060513,567140.671583868
431702990,3077457.90873166,726979.471552538
431703560,8653607.8981105,426387.026369515
431703660,8414557.55059835,766133.21103354
431703710,3305429.43492013,576313.048992287
431703830,2541210.38181695,388240.621794128
431703970,0,0
431704070,3658978.69711227,841915.795963501
431704110,3319496.52647992,550395.394743531
431704220,3202319.14051849,539905.206148451
431704230,3115362.9465461,579225.280264266
431704330,1082712.96430802,444125.661478516
431704420,971932.783739693,625384.747221471
431704520,645416.397708507,151717.377801563
431715000,1036053.97929826,502067.591752053
431739000,1004938.74331566,249516.431070357
431797000,1545698.51273134,526285.607544329
431800607,119384.277438264,30330.09033037
431838000,173914.580318484,3550.06106923278
431853000,4615354.53529671,608584.352932539
431869000,8180683.3776455,805938.5905348
431882000,4231622.83785072,2175129.70455241
431893000,3097388.52059596,607377.587634156
431918000,791986.303989064,83923.9322628503
432282000,0,0
432319000,1290349.91689926,770106.061147895
432343000,1083534.11178558,785417.406425739
432346000,2800963.47045611,786617.94652884
432374000,3464307.16021797,776304.960519698
432378000,571373.248170464,361958.052503787
432411000,850194.796372658,819988.359602211
432453000,5451997.94979096,766867.859538262
432454000,1630665.36248702,537933.742197373
432468000,3282919.7993808,829157.107098172
432515000,3552766.34210661,1063933.79688151
432561000,1035463.39167384,537875.098472279
432626000,6635457.0831677,1013442.08573105
432761000,1083212.84666113,896638.586065366
432776000,1125086.34796321,829943.81097081
432848000,0,0
432881000,1447881.56518498,574924.933633763
432890000,2202057.21478574,482650.092427331
432896000,1577446.28435094,983335.240612148
432907000,1577174.2114767,1054917.39243349
432914000,2377521.73710071,868908.969478946
432924000,1290916.49245283,324436.669667601
432936000,3706047.56511091,738396.37819345
432942000,1711311.16652904,615505.339214367
432943000,1975326.55561472,582069.397825177
432955000,0,0
432962000,4350065.96856103,1710683.72266597
432971000,825319.975804841,531111.070994226
432984000,3239323.02949289,876254.433445351
432987000,9950.34709704605,0
432990000,2880334.64110285,651984.996874271
433226000,0,0
440045000,1577028.99139698,785672.629515577
440055000,3692277.49514642,1408183.05759717
440116130,110151.742600546,39064.8250296586
440125000,4720391.18643706,644416.969360468
440239000,1531040.50614076,1149915.66855779
440246000,5822579.83743712,468335.019607796
440298000,2549702.50539493,751938.743045879
440316000,30046.5047530645,8033.85884608001
440328000,1190238.05667462,8328.73933235956
440329000,30363.6420531591,9576.11143508941
440339000,1732619.92020474,789337.283605109
440503000,6178175.18979877,552085.723383379
440504000,1730510.32847861,978069.145396414
440517000,4269286.87477244,671403.015775966
440522000,6219031.09123985,1552187.89136304
440549000,1539129.35123706,756455.125266817
440574000,2084705.32861191,1313794.23743669
440584000,5195553.80473875,1618749.18859405
440590000,1425951.34047515,845007.154977602
440595000,1292583.47937259,844098.495246749
440604000,5048653.00541597,850563.465520132
440612000,2377789.76751344,705561.365133672
440617000,1220291.07445505,809151.398633999
440620000,2656424.06989707,1420264.87280586
440623000,1823016.25033078,1301795.37984591
440628000,4959772.14426568,1119617.27347647
440636000,2140587.02787938,1432557.84834884
440641000,5520559.56553442,1198119.89740098
440645000,1878042.34144116,1070492.09281027
440646000,1802414.10287415,1232551.4360264
440647000,1749707.56188355,1422575.6810859
440648000,2171178.33711666,1352506.99963579
440654000,2548480.68433317,1072752.33621785
440656000,1872990.92954276,872116.26396001
440703000,1703217.62083815,798990.027898319
440704000,2392605.42169775,614036.849560962
440705000,1751839.53009158,1143167.70322087
440733000,5693996.3933998,987859.766712845
440751000,1635293.29747659,476278.353879382
440765000,2203247.29538395,1201622.26812878
440770000,1684786.97287484,555735.647433454
440772000,5967720.92487814,716722.557768362
440780000,3104944.88167108,1170285.55892215
440781000,1818457.74742763,1293391.44493026
440786000,1287287.00530887,524116.031024701
440787000,2578434.50355318,928068.915164066
440788000,6218773.09387707,1090331.31158388
440792000,2473867.67048299,913450.782189915
440801000,1672817.06310492,672596.65789831
440807000,1588623.35680285,1187246.90904757
440809000,2003962.32014399,1566164.74491403
440820000,1500317.45329944,825801.597654676
440821000,1840089.02497698,897581.504423998
440846000,2368808.10200135,972187.886822683
440847000,2097098.60750276,610399.97176432
440858000,5327059.25481603,950056.472180416
440871000,3621014.12820623,683131.022702975
440885000,2041979.71445753,1046694.99152815
440886000,3021282.00524797,928226.723030586
440894000,2718596.74613403,701494.624456548
440895000,5237260.34185537,1506120.18105069
440900000,5812274.91105185,1393788.37893857
440919000,1619809.97959868,1067804.48683895
440920000,4321548.00257394,620440.18065568
440931000,2438830.11793837,748171.515350137
440933000,3341393.92845071,118558.231071798
440934000,2277988.63095347,1138248.32623885
440935000,3576390.76082845,1522791.61286172
440936000,5330879.82334843,1083937.14723223
440941000,1602583.82116418,1232819.4836972
440944000,1575810.34165876,708340.736131942
440946000,2703597.03908451,723253.726322005
440952000,2485073.48607008,831235.004326168
440954000,1911810.9778202,1013861.36967462
440963000,2196411.91731012,1173376.65435459
440966000,2237117.76355118,677082.20899675
440986000,1901467.43314521,1413543.22320825
440987000,2535584.03097796,839763.384050521
440989000,65057.7321018114,32822.3676264677
440992000,4637445.37002967,1380327.52790718
441014000,2926929.18441219,1068177.95275163
441018000,1193505.58318617,715524.204330427
441038000,2266634.25217518,802155.101254649
441043000,2354202.95711821,1046305.39016273
441072000,2957184.99696024,780925.619206906
441084000,2828994.91463564,863981.161838073
441098000,1716773.0976958,606615.042285358
441201181,1069233.12746728,526184.564748035
441201183,560295.787981606,263814.997187354
441201562,3641460.74758102,1011205.58965637
441201727,712917.341430228,280097.347456931
441201728,1079280.55455865,283742.133263518
441201729,1026040.17627482,333034.456451872
441201730,945564.580873119,285834.299160876
441201731,899566.962483268,459425.856487421
441201732,755242.506433307,328213.669510727
441219253,448234.42917313,318148.25729454
441219875,531499.789738719,367678.315617113
441219878,1179248.21317989,493980.158976879
441220243,875864.072273444,310161.525784069
441225915,701021.5575553,362003.258091288
441226015,686120.186594811,232208.605204823
441226315,702481.902454494,322470.890978612
441247715,327611.478148471,280923.668811656
441251000,5742095.76365879,1083612.78271473
441374000,1526736.35745824,1077273.25649044
441584000,2485872.65393945,758049.828973719
441650000,3113653.80413184,1242700.19957813
441660000,1908515.84151413,548496.551627572
441680000,5702875.23422868,1311917.58917645
441811000,6453942.55740446,1501246.30581079
441812000,6849369.881264,1170367.94366931
441825000,2505585.93125342,890795.934121792
441869000,1761357.66243664,1110477.91583883
452009111,203741.906984167,129165.528472778
455359000,660072.783622456,593465.2695107
455360000,790423.246061704,370845.829115932
503005970,275667.731964591,120825.049584044
503007240,862356.777975942,222578.545588613
503025160,1399834.68421296,134984.089068456
503042740,837925.57781992,273091.138985454
503057590,474965.780147274,202541.117530851
503179400,36486.304890968,9822.64783318243
503335600,595837.365630444,193542.721798752
503337100,757587.993293437,272608.906825292
503555500,694101.832474106,62060.7102613506
503586100,249167.605096455,190960.880452702
503586500,2863174.56451951,359030.507789126
503597400,432731.066533776,215501.078149466
503798600,717045.024066412,240607.299900153
503798700,672379.828961766,258947.300982054
503798800,803658.255920229,228574.868946622
503798900,1024889.65980325,357807.212658644
510012000,641602.526058478,294485.499074997
510013000,639840.563525201,479901.618584347
510014000,590359.362066945,382786.160279245
510033000,553355.785408673,462703.644127495
510034000,601535.651427235,415445.767385571
510035000,694704.369265301,398763.609338952
510038000,758182.724788099,568606.543840286
510041000,1080534.45330131,553047.450357967
510051000,920710.968221664,571527.352172973
510052000,774170.890210882,455457.635440482
510053000,763739.430257372,414730.897351224
512001073,652964.940683802,108785.802747773
512001495,569899.090018725,117633.260659057
512001926,826496.38930954,179482.476183896
512002055,423859.487086411,146781.994528417
512003467,352109.734278566,259228.727378666
512004138,324792.629546743,154576.613882589
512005035,577901.072329827,170566.801389412
512005780,321098.522637002,90948.209024017
512005935,265161.026875954,130802.874127273
512082000,682341.82349134,354497.203587323
518071000,443265.620961295,209613.684579868
518072000,330825.027241422,237315.189139584
518107000,3153208.4017306,1400153.4214598
518259000,432846.006500786,147300.379712315
518260000,405916.341970496,91341.6141719761
518402000,452320.39673205,243419.302887676
518676000,598902.338107964,500961.198521098
520012000,473557.184275582,384526.135916629
520019000,911924.026275676,443601.624301146
520020000,932533.403302202,450283.905824176
520023000,462200.420358728,325754.714803099
520031000,355457.407770425,294622.730683904
520033000,401702.514180845,181531.20937824
520074000,646444.356638871,462496.330276083
520075000,551277.307446038,451010.262556142
520076000,629426.553430901,314641.896025005
520077000,762752.974266131,526537.607609237
520085000,375081.577766875,369547.867067119
520088000,339031.402688126,242447.762466191
520100000,593721.54761116,247517.060993889
520116000,478874.859799971,228943.491203271
520130000,634186.285132074,425471.904095413
520137000,502192.121603806,341607.391663928
520145000,1866653.68740185,1326580.65018477
520150000,693405.257559924,356129.994263366
520151000,544949.752213915,289397.483410898
520171000,2674681.90586995,844879.546017674
520172000,1032582.73555773,321151.535634978
520173000,1472020.39782463,848018.64556175
520174000,1972220.14959824,234093.049588288
520177000,1030171.64316298,515621.046780051
520179000,654529.993980235,496451.914253938
520180000,1158223.81830927,470683.835257138
520187000,402126.976726182,318467.723016172
520188000,504971.999386982,183047.800210638
520189000,561072.753227644,461304.750303444
520204000,1041622.15935705,392837.403300074
520217000,1889814.35887297,960803.552219232
520218000,1068035.26806062,652152.31294514
520223000,1119630.06356846,809110.763562129
520225000,778896.713976648,532652.947031512
520231000,1265201.15283171,374591.629419556
520232000,2006245.96363305,1260601.36495423
520234000,2516349.08761312,893824.353071678
520238000,847793.954149653,375164.758162286
520241000,1009238.50436225,475171.34813762
520243000,898637.257833198,608159.677834523
520271000,1037426.30341671,611666.781444817
529278000,993710.431487678,434549.889293879
538060011,499401.479340298,422340.361764872
538060012,744143.20507496,570076.215857742
538060013,502163.121920815,410079.701347314
538060014,702234.585450445,393473.823147636
540000670,603498.83785731,330597.517529954
540001900,641830.542847775,225842.092887258
540002100,645138.32665493,309231.434623087
540002200,534413.158727313,266768.08753983
540002300,627821.984717628,275832.072789417
540003400,508975.3168072,313649.470108747
540003800,593763.687350105,226268.349296104
540003900,629905.869307844,247085.823306848
540004000,679245.902020235,374302.320937004
540004100,785267.746795503,184931.180295861
540004200,472713.48561777,302730.586525898
540005000,526464.25970659,417991.335516639
540010700,448115.009891541,299443.644376367
540010800,406407.933292099,298258.23850228
540011500,488262.190535252,293635.173863248
546012900,650844.427046403,322927.990372932
546021100,953449.142658393,254476.808229169
561501015,42043.0396133218,12479.7056906235
567872000,1926242.71042723,477892.291811154
572138210,1090606.54114332,534776.105868833
576093000,1402325.65181145,966793.662434492
576237000,1082059.01977245,958377.208491934
576383000,129402.27977351,34079.7744304061
576394000,881028.402494319,336295.328740026
576594000,5766244.48233001,4181669.72945808
576595000,5595923.37421479,4387737.9773795
576596000,6808123.5134179,2225476.40360295
576609000,6897449.28855166,3346888.09892551
576633000,6781715.56149645,1477612.81631527
576635000,6771754.74485444,1288983.14969265
576636000,6753778.98259454,1020999.61054961
576638000,2952666.54692624,2365249.83772905
576649000,2883786.35037044,503477.659022936
576660000,2214158.9771719,353937.570378755
576664000,2117140.70773013,354728.592645838
576678000,7075610.44266481,3056191.56720751
576679000,6605222.50684091,2063858.4666729
576682000,6873356.16731935,2491866.42211607
576690000,6903492.90452409,3049706.82178014
576694000,447793.973645519,127400.335644191
576695000,788215.831579745,416554.737831065
576696000,989002.387676445,433785.523863171
576699000,1975431.35735162,729911.615778064
576726000,7190882.18965485,3081373.35102455
576736000,7346777.36715533,1647032.17998707
576737000,4369751.99890008,851570.478778335
576753000,529209.123409225,286820.822125455
576754000,1076565.39049706,447410.574278604
576811000,6524283.83773212,1275517.19452059
576843000,7057138.79605686,2496233.79634975
576847000,2204667.40097772,507619.233243474
576848000,3505761.73337985,2261588.92882843
576850000,1907083.41257584,207627.581596003
576877000,6865260.18928579,2392419.86874485
576890000,6579941.62553357,1673124.64821205
576956000,2673858.78978308,574039.605856846
576959000,2162559.4858163,641751.478103782
576975000,7252569.88128382,3359260.87309127
577145000,3652882.86184175,531995.757821224
577146000,4483331.31765553,769894.918521518
577205000,506972.278127104,201823.684393377
577257000,2360993.52455994,426775.52794397
577258000,3383509.82464617,628619.086519347
577259000,2090679.10499371,498931.936842764
577289000,3791984.03616574,432806.17940409
577290000,3697778.27126539,581564.818354491
577308000,1820186.94809397,763753.632357301
577309000,1892539.63637738,631757.168421907
577319000,336880.094108361,50513.5879065507
577322000,3386425.62897146,462716.179686342
577326000,5219110.15320912,1007667.01093535
600013448,3725586.57401612,409249.014925329
600014098,1242368.66907676,721563.271666586
664060000,1344625.48896474,9435.41415273065
664063000,2188434.84978824,7418.65304867569
664115740,2846807.89653604,4799.28340948981
664145000,2938810.54260705,0
664158000,0,0
664540000,12266.4620714905,9374.83943668098
664543000,0,0
664631000,0,0
735058806,69420.9142129472,45863.2998751503
735059233,2820782.06845966,1229176.20311093
735059247,525959.282818156,139908.336768425
735059255,2448326.449391,1223030.700735
900004181,119884.366948561,24390.1627037624
900017748,105470.478693785,78236.349357373
900022932,86794.3553877792,12926.9312251778
900028964,2212299.25272276,492012.076560138
900200029,2038845.22606726,275117.921634022
