"mmsi","Foreign_EEZ_Percentage","HighSeas"
"718",1,0
"876",0,0
"79050",1,0
"12000001",0,1
"32004580",1,0
"33004580",1,0
"98344746",0,1
"98345923",0.95736245165903,0.0426375483409704
"100901039",1,0
"100902573",0.819240330481831,0.180759669518169
"111111126",0,0
"150443127",0.215696138850459,0
"200000216",0.0183279614021741,0.981672038597826
"200004544",0.999794069192751,0.000205930807248764
"200005873",0.997517188693659,0.00248281130634072
"200008650",0.428083793135696,0.571916206864304
"200012314",0.0914895123348329,0.000682229216144375
"200015925",0,0.993594738440814
"200016052",0.463186319681788,0.536813680318212
"200016065",0.0346243624103052,0.000108066049969742
"200016069",0.204878166815883,0
"200020753",0,0
"200020783",0.194219197182065,0
"200020789",0,0.397494033412888
"200021400",0.0141365618733996,0.9858634381266
"200021405",0,1
"200021422",2.76860038022112e-05,0.999972313996198
"200021441",0.785198855097988,0.214801144902012
"200023344",0.190909374123804,0.0451104395775569
"200023437",4.45761918559298e-05,0.999955423808144
"200023459",0.000847094067433051,0.999152905932567
"200023583",0.632840501792115,0
"200023608",0,0.00331966255468983
"200033044",0.00125894213397587,0.998741057866024
"200041771",0,0
"200042058",0.980209531028192,0.0197904689718077
"200042240",0.799034629173426,0.200965370826574
"200601254",0.00468348693156066,0.00596766883214987
"200995958",0.98100570632518,0.00600101802984435
"201601318",0.14537110520686,0.00862634139608709
"201601321",0.645509324190951,0.354490675809049
"201601323",0.77475711236004,0.22524288763996
"201601542",0,1
"201601565",0,1
"201601665",0,1
"201700001",0.00410793965578299,0.000602025639209576
"201707002",0,0.999809023025457
"201941909",0,1
"224017000",0,1
"224050000",0.000314755015679463,0.999685244984321
"224051350",0.00569520011160623,0.992113707050067
"224063790",0.0214043947127815,0.978595605287219
"224085000",0.0132946192800558,0.986705380719944
"224118000",0.0991812865497076,0.900818713450292
"224122000",0,1
"224154000",0.00241460608890762,0.997585393911092
"224156000",0.00277230521126878,0.997227694788731
"224166160",0.000484712177908758,0.999515287822091
"224196000",0,1
"224256000",0.000363146400593056,0.999636853599407
"224313000",0.013969020786194,0.986030979213806
"224318000",0.00294748124330118,0.997052518756699
"224342000",0.000119596316433454,0.999880403683566
"224366000",0.00331404993997413,0.996685950060026
"224392000",0.0194144144144144,0.980585585585586
"224406000",0.002483731443948,0.997516268556052
"224456000",0.0103303391847351,0.989669660815265
"224544160",0.0553984118004484,0.944601588199552
"224581000",0.0697426823416507,0.930257317658349
"224591000",0.0104058272632674,0.989594172736733
"224619000",0.0148895875156244,0.985110412484376
"224626000",0.0350884889750722,0.964911511024928
"224696000",0.0183257675781341,0.981342987641304
"224892000",0.0180552665668817,0.981944733433118
"224900000",0,1
"224918000",0.00226042011421811,0.997739579885782
"224987000",0.0468907552499233,0.953109244750077
"224992000",0,1
"225374000",0,1
"225983597",0.0204367685939965,0.979563231406003
"228227000",0,0
"228966000",0,0
"263580000",0,1
"263583000",0.00710099764273151,0.992899002357268
"263821000",0.00240680936654047,0.99759319063346
"268000015",0,1
"303114000",0,0.905502786990571
"303174000",0,0.799462545228161
"303513000",0,0
"303835000",0,0.268866508883832
"321321362",1,0
"338077000",0.000375812694952836,0
"338081000",0,0
"338502000",0,0.98491440461553
"354153000",0.000161537134986106,0.99917266791676
"366135000",0,0.787927264799985
"366721530",0,0.962401719148661
"366827010",0,0.731830904848861
"366909230",0,0.886785724633321
"366909880",0.00429805405255032,0.993121722559915
"366920620",0,0.428240313956857
"366928330",0.00055235236458878,0
"366937120",0,0.765232165716281
"366939000",0,0.458039090163443
"366981180",0,0.665692950699488
"367003760",0,0.953424084134888
"367018980",0,0.645963087660381
"367045610",0,0.727662846717777
"367045620",0,0.784328411916953
"367111320",0,0.623635971437403
"367114110",0,0.678643973337049
"367128430",0,0.898890996528953
"367131270",0,0.325978868862648
"367132820",0,0.682693448049078
"367135280",0,0.750287107131976
"367137680",0,0.802878666947551
"367140060",0,0
"367140260",0,0.930740166662337
"367142780",0,0.823447380442884
"367150430",0,0.990094262390943
"367151660",0.00100490186381602,0.688045228496485
"367152680",0.188186813186813,0.811813186813187
"367159690",0,0.568585442013181
"367161340",0,0.964455658641575
"367306510",0,0.658023739020081
"367330610",0,0.912419917105271
"367338850",0.00227930128683422,0.997720698713166
"367341510",0,0.609968884931011
"367343000",0,0.740877357743355
"367358280",0,0.584428283120928
"367359000",0,0.938272200498295
"367361970",0,0.77776776839899
"367363390",0,0.917195621311495
"367370380",0,1
"367373170",0,0
"367385940",0,0.642139900089341
"367396410",0,0.952214503783018
"367396870",0,0.979078264264911
"367403980",0,0
"367420020",0,0.787486935562997
"367423310",0,0.700455511043944
"367433150",0,0.777991587346328
"367439590",0,0.580327217891567
"367439730",0,0.970189701897019
"367442170",0,0.798777447813929
"367442640",0,0.849484346739386
"367445940",0,0.484835903719381
"367447140",0,0.96682635147957
"367449780",0,0.907528712380409
"367460990",0,0.397617440868251
"367467330",0,0.564988245999848
"367471530",0,0.675372547438043
"367477330",0,0.61873036764656
"367479170",0,0.874034991033152
"367479450",0,0.558770633952084
"367482650",0,0.689275543190125
"367485680",0,0.965294224813263
"367490140",0,0.785830590274931
"367492480",0,0.697447822377593
"367497320",0,0.557443631889628
"367507280",0,0.746885514231154
"367513810",0,0.757795123923847
"367514890",0,0.79476243690558
"367516940",0,0.48409939039937
"367523880",0,0.51964925739611
"367556120",0,0.896338747099768
"367556290",0,0.983652594544515
"367557620",0,0.742717922477855
"367568960",0,0.655915191158227
"367571490",0.00240519649031196,0.996471323570134
"367577170",0,0.945985528847968
"367578510",0,1
"367590390",0,0.654386657747474
"367593450",0,0.939724258995063
"367602730",0,0.394389367615163
"367602740",0,0.521662619547014
"367602750",0,0.459770114942529
"367603420",0,0.968741685230883
"367604540",0,0.79828234793101
"367607880",0,0.774312087643717
"367638270",0,0.85960409915039
"367638280",0,0.764751189067723
"367639430",0,0.717980731215015
"367645140",0,0.945105116678958
"367662540",0,0.885732009925558
"367662660",0.00170618183803557,0.675447815859756
"367667090",0,0.625409071082725
"367667630",0,0.941135047283484
"367681130",0,0.857295621665786
"367682040",0,0.866032506896434
"367692620",0.00217739800937879,0.653299307327743
"367699410",0,0.878931588988825
"367705430",0,0.629560540673096
"367707220",0,0.906078509550908
"367707290",0,0.638062533887583
"367711290",0,0.111888111888112
"367711550",0.00169231647541452,0.491375302781924
"367716130",0,0.836336081130846
"367719270",0,0.668585140064782
"367722830",0.00143094283485423,0.67186961412166
"367732990",0,0.521682413842204
"367733060",0,0.918100513006764
"367743820",0,0.321726796915578
"367750990",0,1
"367754830",0,0.779598168119368
"367755180",0,0.872143125624547
"367755410",0,0.909781684150836
"367756070",0,0.93850389835482
"367756640",0,0.809812969312441
"367758020",0,0.932871048223677
"367761510",0,0.772540887686417
"367762610",0,0.876945334537986
"367762810",0,0.761836187269602
"367776630",0,0.87984868531586
"367780410",0,0.836130586611083
"367789570",0,0.594060881949713
"367798710",0,0.843242782208196
"368001140",0,0.752217716115261
"368001590",0,0.891683751109608
"368012030",0,0.490959974030829
"368012840",0,0.720974286469648
"368013310",0,0.940621216707022
"368013420",0,0.830709304336132
"368014640",0,0.678053658481154
"368017310",0,0.999136892757515
"368017650",0,0.900916953390413
"368018420",0,0.407297593747858
"368025960",0,0.786503544560185
"368026770",0,0.829801948829698
"368027840",0,0.836278922219799
"368030050",0,0.716061464939819
"368042650",0,0.362454177727215
"368059350",0,0
"368063530",0,0.826986965183768
"368070780",0,0.6121236311304
"368086080",0,0.972295049292427
"368113610",0,0
"368144000",0,0.861450364604304
"368492000",0,0.387118430241727
"369059000",0,0
"369060000",0,0
"369188000",0,0
"369189000",0,0
"372702000",0.00732130166886631,0.990700970706984
"412000405",0,1
"412002099",0,1
"412002127",0.00363841399193591,0.996361586008064
"412002275",0.00265116116361238,0.997348838836388
"412002527",0,1
"412002904",0,1
"412005168",0.000300724472593065,0.999699275527407
"412005429",0.00361355961934833,0.996386440380652
"412007967",0,1
"412007968",0,1
"412007969",0,1
"412007970",0,1
"412007971",0,1
"412056335",0.00582484817013975,0.99417515182986
"412200078",0.00195385861231241,0.994893089129723
"412200079",0.00436727362378051,0.995632726376219
"412200115",1,0
"412200116",1,0
"412200417",0.0038762657682663,0.996123734231734
"412200461",1,0
"412201817",0.995683216055552,0.00431678394444845
"412205130",0.00135115572069681,0.998648844279303
"412205520",0.00195180171489337,0.998048198285107
"412209076",0,0.999056475081848
"412209077",0,1
"412209186",0,1
"412209233",0.860255755211894,0.132364476363872
"412209234",0.796586660233989,0.203413339766011
"412270001",0.495742658561217,0.503762301736599
"412270059",0.41257077404455,0.58742922595545
"412300365",0.757588510137796,0.242411489862204
"412302021",0.938822065532974,0.0611779344670261
"412320019",0.00070725634493076,0.995496170561835
"412320021",0.966976872030471,0.0330231279695292
"412320023",0.949118031818374,0.0508819681816264
"412320024",0.874145715809058,0.125854284190942
"412320026",0.878629113330206,0.121370886669794
"412320028",0.0149482760002244,0.985051723999776
"412321680",0.0166208998841135,0.979663173275558
"412324210",0,0.276688996579247
"412326798",0.215680696763771,0.784319303236229
"412326799",0.31324590533407,0.68675409466593
"412326854",0.334225792057117,0.0575635876840696
"412326861",0.0295969773299748,0.192695214105793
"412326873",0.636788946212278,0.363211053787722
"412326875",0.252992129736546,0.747007870263454
"412326876",0.00101220863925085,0.997861333429543
"412326877",0.418879006070874,0.581120993929126
"412326881",0.826907581983724,0.173092418016276
"412326882",0.869042466214591,0.130957533785409
"412326893",0.679374130828227,0.320625869171773
"412326894",0.725178058440565,0.274821941559435
"412326895",0.9954016547134,0.00448511391268134
"412326896",0.960077251366433,0.0399227486335669
"412326901",0.852874881082269,0.14712511891773
"412326902",0.839440055251927,0.160539983791703
"412326903",0.76132009617622,0.23867990382378
"412326904",0.790762830898979,0.209237169101021
"412326905",0.9507270310549,0.0491803278688525
"412326906",0.933569999486995,0.0663212435233161
"412328714",0.00954827515448413,0.990451724845516
"412328715",0.000555885034477264,0.999444114965523
"412328724",0.511812728830724,0.488187271169276
"412328725",0.698867292059716,0.301132707940284
"412328726",0.940961626896939,0.0590383731030607
"412328728",0.427707829801585,0.572292170198415
"412328755",0.717378612084852,0.282373914902921
"412328756",0.799181435716761,0.200818564283239
"412328757",0.931867092577759,0.0681329074222407
"412328758",0.811786408735105,0.188213591264895
"412328759",0.85606586375293,0.143934136247069
"412328761",0.776244947969047,0.223755052030953
"412328792",0.000617218901952519,0.999382781098047
"412328793",0.00308571879041325,0.996914281209587
"412328795",0.00433219956209807,0.994838816287748
"412328796",0.00495485706383231,0.995045142936168
"412328797",0.00935652584251989,0.99064347415748
"412328798",0.000955391947723286,0.999044608052277
"412329405",0,1
"412329416",0.496059821352878,0.503940178647122
"412329417",0.85129391584619,0.148706084153811
"412329418",0.603859158500612,0.396140841499388
"412329422",0.27646298708319,0.72353701291681
"412329423",0.269214317128863,0.730785682871137
"412329424",0.00142403995410677,0.996877460574565
"412329425",0.294474824432175,0.705525175567825
"412329426",0.00758798666128587,0.992412013338714
"412329428",0.00128268075579497,0.998717319244205
"412329429",0,1
"412329431",0,1
"412329433",0,1
"412329459",0.845531199409952,0.154468800590048
"412329461",0.663031301947304,0.336968698052696
"412329557",0.549148013563506,0.450851986436494
"412329588",0.551084649866114,0.448915350133886
"412330102",0.110656995622183,0.889343004377817
"412330103",0.0128005640284061,0.987199435971594
"412330104",0.0209266689770066,0.979073331022993
"412331009",0.649348207672397,0.350651792327603
"412331011",0.599404168788392,0.400595831211608
"412331012",0.925246506292358,0.0747534937076419
"412331013",0.567909801977702,0.432090198022297
"412331026",0,1
"412331027",0,1
"412331029",0,1
"412331031",0.00262605547692634,0.997373944523073
"412331033",0,1
"412331063",0.340984453141987,0.659015546858013
"412331064",0.271741721575709,0.728258278424291
"412331085",0.293005671077505,0.514933837429111
"412331099",0.960090812077588,0.0399091879224122
"412331101",0.922613522828715,0.0773864771712848
"412331102",0.98810805583914,0.0118919441608602
"412331103",0.96208397160002,0.0379160283999799
"412331104",0.96601641867258,0.03398358132742
"412331105",0.943313406266254,0.0566865937337462
"412331163",1,0
"412331164",1,0
"412331499",0.470856600849654,0.529143399150346
"412333792",6.43172566336975e-05,0.999935682743366
"412333794",0.00231965719684189,0.997680342803158
"412333795",1.00526591796695e-05,0.99998994734082
"412336911",0.110348098337395,0.889651901662605
"412336912",0,1
"412336913",0.00356980867799574,0.996430191322004
"412342552",0,0
"412354264",0,0.627027027027027
"412354265",0,0.0940420560747664
"412354266",0.0393541876892028,0.200302724520686
"412354267",0.157462686567164,0
"412371191",0.511526178845256,0.488473821154744
"412371192",0.577432966740871,0.419992025783301
"412371197",0.517370390165687,0.482629609834313
"412371198",0.37976979670746,0.62023020329254
"412371206",0.00160693881948417,0.998393061180516
"412371207",0.00567261204223814,0.994327387957762
"412371208",0,1
"412420195",0,1
"412420236",0.553080954470349,0.446919045529651
"412420237",0.349195675787514,0.650804324212486
"412420239",0.607081209307021,0.392918790692979
"412420433",0.535934583362937,0.463671418329318
"412420434",0.00435684565942879,0.995145117077972
"412420435",0.0388719938403568,0.961128006159643
"412420436",0.491830356506493,0.508069861588243
"412420582",0.00765305224629138,0.992346947753709
"412420583",0,1
"412420584",0.0126495256427884,0.980497908747777
"412420585",1.80221508617865e-05,0.999981977849138
"412420596",0.00106489298394973,0.99893510701605
"412420792",0.00229924229012499,0.997700757709875
"412420793",0.00105663656342139,0.998943363436579
"412420794",0.00177669889795128,0.998223301102049
"412420795",0.00932221844331186,0.990677781556688
"412420796",0.00188986332353643,0.998110136676464
"412420811",0,1
"412420812",0.000236915651738185,0.999763084348262
"412420813",5.88116832081951e-05,0.998249906881502
"412420814",0,1
"412420817",0.393726779653243,0.606273220346757
"412420818",0.364153544287066,0.635846455712934
"412420819",0.408041043827896,0.591958956172104
"412420846",0,0.997458108966855
"412420847",0.00306095397910352,0.996397913085305
"412420848",0.00675264263654765,0.993247357363452
"412420849",0.00151157129492974,0.99848842870507
"412420851",0.00573244384622589,0.991675759733938
"412420852",0.0137969590094349,0.986203040990565
"412420863",0.253191916694991,0.746808083305009
"412420865",0.342066482060302,0.657933517939698
"412420871",0.650996724620082,0.349003275379918
"412420875",0.79682306500082,0.202911304982526
"412420876",0,1
"412420877",0.779026498425674,0.219223207121305
"412420892",0.335518629336753,0.664114483151671
"412420896",0.000388191547454095,0.999611808452546
"412420898",0.339819268483954,0.660180731516046
"412420901",0.00153448048523207,0.998465519514768
"412420902",0.00104859770982608,0.998951402290174
"412420903",0,1
"412420905",0.00105190937712567,0.998948090622874
"412420906",0.318559357859822,0.681440642140178
"412420911",0.317261294397654,0.682738705602346
"412420914",0.297746746144988,0.702253253855012
"412420915",0.283471987471326,0.716528012528674
"412420939",0.0011046799584349,0.998895320041565
"412420942",0,1
"412420943",0.663579398669818,0.336420601330182
"412420944",0.0087251584839427,0.990536844222047
"412420945",0.00210658677835,0.99789341322165
"412420946",0.528015352012536,0.470788148209507
"412421023",0.719333527870007,0.280450904464091
"412421025",0.727806356159099,0.271650555903797
"412421026",0.728879659059741,0.271120340940259
"412421058",0.335509094866209,0.664490905133791
"412421077",1,0
"412421081",1,0
"412421089",0.465102612979938,0.534897387020062
"412421091",0.472993379638143,0.527006620361857
"412421094",0.00290312227477704,0.997096877725223
"412421095",0,1
"412421098",0.00265752953038289,0.997342470469617
"412421099",0,1
"412421134",0.429030623103472,0.570969376896528
"412421136",0.659005321054657,0.340994678945343
"412421156",0.317142571116142,0.682857428883858
"412421185",0,1
"412421186",6.16161440617046e-05,0.999938383855938
"412421187",0.000348307904187302,0.999651692095813
"412421188",0.329530973242836,0.670469026757164
"412421189",0.0005583948010785,0.999441605198922
"412421199",0.331525660752434,0.668474339247566
"412421288",0.324522695663169,0.675477304336832
"412440009",0,0
"412440011",0,1
"412440035",0,0.992899581284132
"412440045",0,0.912353836410213
"412440046",0,1
"412440233",0,1
"412440235",0,0.994780099842454
"412440238",0,1
"412440548",0.0019211261030765,0.980205219358488
"412440551",0,0.979077946931949
"412440552",0.00541469754960977,0.974364042574856
"412440553",0,0.627190810971383
"412440554",0.00312752711010649,0.97448288628857
"412440561",0.876066917036531,0
"412440562",1,0
"412440563",0,1
"412440564",0,1
"412440578",0,0.985109642468602
"412440579",0,1
"412440582",0,1
"412440583",0,1
"412440694",0.00402955003357958,0.970662048001131
"412440801",0,1
"412440805",0,1
"412440806",0,1
"412446789",0,0.750878234624709
"412448556",0,1
"412460003",0.999924131380172,7.58686198284155e-05
"412460004",1,0
"412460005",0.996484126746003,0
"412460007",0.986210834045759,0.000209243792932342
"412460009",1,0
"412460029",0.000335573966963681,0.999664426033036
"412460043",0,1
"412460052",0.997399332297924,0.00018673796109474
"412460053",0.996012117188148,0.00102498132625114
"412460054",1,0
"412460055",1,0
"412460073",0.963170826775344,0.0368291732246557
"412460074",1,0
"412460075",0.970498490293834,0.0295015097061659
"412460083",0.742683619832362,0.257316380167637
"412460084",0.956581643876854,0.043418356123146
"412460111",0.999898492615338,0.000101507384662234
"412460112",1,0
"412460113",0.998415369006319,0.00158463099368062
"412460114",1,0
"412460115",0.941725474292666,0.0582745257073337
"412460278",0.94900185663264,0.05099814336736
"412460281",1,0
"412460282",1,0
"412460283",0.999453885592488,0
"412460284",0.996176833763981,0
"412460285",0.999605771505164,0
"412460286",1,0
"412460287",1,0
"412460288",0.999473385815479,0
"412460289",1,0
"412460296",0.895640277970239,0.104359722029761
"412460297",0.710044977511245,0.289955022488756
"412460299",0,1
"412463406",0.989550418130245,0
"412463901",0.00199446542483973,0.99800553457516
"412463903",0.0057101232988665,0.994289876701133
"412463904",0,1
"412463905",0,1
"412464117",0.986673322981467,0.0133266770185329
"412464153",1,0
"412465075",1,0
"412465076",1,0
"412465078",1,0
"412467334",0.991293348749867,0.00870665125013325
"412467335",1,0
"412468636",1,0
"412468637",1,0
"412470420",0.927446027188655,0.072553972811345
"412474535",1,0
"412475079",0.939787135102304,0.0602128648976958
"412475113",0.953666266248669,0.0463337337513307
"412475114",0.926373834067203,0.0736261659327973
"412482984",0,0
"412483615",0.517818685634618,0.482181314365382
"412484402",0,1
"412499942",0.666309271580935,0.333690728419065
"412499943",0.613926401038836,0.386073598961164
"412499944",0.782900810043618,0.217099189956382
"412500156",0.908221440293828,0.0917785597061716
"412500157",0.872302921729871,0.127697078270129
"412500244",0.915877464244299,0.0841225357557016
"412500245",0.925463386139792,0.074536613860208
"412549002",0.854169485911183,0.145830514088817
"412549003",0.813174241608365,0.186825758391635
"412549004",0.779928469080365,0.220071530919635
"412549005",0.722863405315848,0.277136594684151
"412549008",0.918689633799907,0.081310366200093
"412549009",0.855558773524695,0.144441226475305
"412549011",0.776062649067485,0.223937350932515
"412549034",0,1
"412549055",0.324950235918608,0.665327337068711
"412549089",0,0.00138043036946813
"412549102",0.174936921783011,0.825063078216989
"412549103",0.0140761930708804,0.98592380692912
"412549104",0.00480736354062667,0.995192636459373
"412549105",0.00467355898597932,0.994431979964073
"412658750",0.997957007383065,0.0020429926169348
"412658760",1,0
"412674190",0.106608259117129,0.893391740882871
"412676430",0,1
"412676580",0,1
"412678036",0,1
"412678050",0,0.890981295758496
"412679030",0.969324322917209,0.030675677082791
"412679040",0.940879498996046,0.0591205010039539
"412679050",0.954920979913708,0.0450790200862919
"412679210",0.424049655480602,0.575950344519398
"412679230",0.00043606656914967,0.99956393343085
"412685210",0,1
"412685220",0,1
"412687110",0.957161114547507,0.0428388854524931
"412687140",0.916460296423381,0.0835397035766187
"412687150",0.894904601379581,0.105095398620419
"412687160",0.899012398325115,0.100987601674885
"412689320",0.0108933090832106,0.972381804709528
"412689520",0.939533690945737,0.0604663090542628
"412689530",0.985314597475793,0.0146854025242072
"412691230",0,0.983562324706217
"412691520",0.965566714490674,0.0344332855093257
"412691530",1,0
"412691540",0.999800194593092,0.000199805406908055
"412691550",1,0
"412691770",0,1
"412693340",0,1
"412694580",1,0
"412694610",1,0
"412694640",0,1
"412694830",0,1
"412694840",0.000967347603509137,0.999032652396491
"412695120",0.0102975187584374,0.986615318605649
"412695430",0.000728843371290564,0.99927115662871
"412695550",0.437258473008736,0.562741526991264
"412695560",0.596303018019678,0.403505054599501
"412695570",0.506682161533992,0
"412695580",0.728505288427813,0.271494711572187
"412695590",0.533899046980798,0.466100953019202
"412695610",1,0
"412695620",0.708396435811758,0.291603564188242
"412695630",0.702805646368939,0.297194353631061
"412695640",0.636459639627747,0.363540360372253
"412695650",0.652443622834734,0.347484830085354
"412695760",0.000944895089974587,0.999055104910025
"412695770",0,1
"412696740",0.0026870736924144,0.997312926307586
"412698170",1,0
"412699440",0.982975438554498,0.017024561445502
"412699450",1,0
"412699460",1,0
"412699470",0.982581385099797,0.0174186149002034
"412699520",1,0
"412699530",1,0
"412699540",1,0
"412699550",0.998147565498054,0.00185243450194612
"412699560",0.997981641715078,0.00201835828492199
"412699570",0.99933751367341,0.000662486326590352
"412699950",0.960402838178073,0.0395971618219272
"412985000",0.293068081643724,0.706931918356276
"412992000",0,0
"412993000",0.438922661371944,0.561077338628056
"412996000",0.000717210651579867,0.99928278934842
"413003409",0,1
"413003484",0,1
"413011000",0,1
"413204940",0.900573827686818,0
"413204950",0.983840393931251,0
"413226868",0.00450619093800041,0.995493809062
"413270220",0.539830508474576,0
"413270430",0,0
"413300480",0,1
"413321670",0.128088110015821,0.871911889984179
"413322610",0,1
"413322620",0.362705267613999,0.637294732386001
"413322680",0.763118962366675,0.236881037633325
"413322690",0.905443327540226,0.094556672459774
"413322760",0.812277308963235,0.187722691036765
"413322770",0.859457399660357,0.140542600339643
"413328727",0.969423765356765,0.0305762346432349
"413340000",0.991623486853322,0.00286877043164988
"413341000",0.805623172430686,0.189577305225126
"413342000",0.994699218513358,0
"413343000",0.957481158038261,0.0385204145649828
"413344000",0.98340078295422,0.0165992170457801
"413345000",0.860832886704856,0.133396905386687
"413404430",0.413076907489919,0.586923092510081
"413462010",0,1
"413501950",0.955393790071955,0.0446062099280455
"413691207",0,0.996633207586989
"413691210",0,0.999571369837849
"416000013",0.00252215070669353,0.997477849293307
"416000029",0,0
"416000129",0,1
"416000137",0.011988901935361,0.977200912144855
"416000139",0.00207194590470616,0.997794801584398
"416000141",0.00286951604575772,0.997130483954242
"416000143",0.0337131574268451,0.914547377155031
"416000144",0.00746953296495345,0.992530467035047
"416000146",0,1
"416000159",0.0520279353421424,0.0164398832748615
"416000179",0.0278223085534194,0.972177691446581
"416000196",0.00151480427722595,0.998485195722774
"416000199",0,0.902856307026525
"416000201",0,0.99827936142498
"416000212",0.00362281538945265,0.996377184610547
"416000222",0.296170944486713,0.703637995093841
"416000228",0.00632220891207714,0.993677791087923
"416000235",0.999394122993032,0
"416000236",0,1
"416000237",0.000915510615841249,0.999084489384159
"416000238",0,1
"416000246",0,1
"416000247",0.0047256945067164,0.995274305493284
"416000257",0,1
"416000265",0.000275592232180633,0.999724407767819
"416000268",0.0501054868331183,0.934197465280413
"416000275",0.00124169162223358,0.998758308377766
"416000285",0.0152762720520379,0.984723727947962
"416000292",0,1
"416000293",0.0907867154120078,0.909213284587992
"416000299",0.00555158056257166,0.994448419437428
"416000301",0.00115434767076308,0.998845652329237
"416000309",1,0
"416000344",0.00435978664741431,0.995640213352586
"416000357",0.00579441418472592,0.0151813651639819
"416000358",0.395389502949155,0.604610497050845
"416000361",0.00278320486526243,0.997216795134738
"416000368",0.00462375407268868,0.995376245927311
"416000381",0,1
"416000385",0.0100861770425424,0.989913822957458
"416000392",0.531943074789469,0.468056925210531
"416000402",0.00116746416607981,0.99883253583392
"416000405",0,0.999560775405057
"416000411",0.00190801466316781,0.998091985336832
"416000412",0.00236866018410606,0.997367036607253
"416000415",0,1
"416000445",0.719391298626291,0.280608701373709
"416000461",0,1
"416000462",0,1
"416000466",0.00138247267373909,0.998617527326261
"416000469",0.511182108626198,0
"416000476",0,1
"416000477",0,0.998817181056951
"416000478",0.215861114517457,0
"416000487",0.29931050552337,0.000953218170456592
"416000499",0.00516028577924449,0.994839714220755
"416000514",0,1
"416000519",0.106435238251187,0
"416000521",0,0.999773835970959
"416000594",0.00418225619767974,0.99581774380232
"416000598",0.000412974275144111,0.999587025724856
"416000618",0.666451571271859,0.00377492417887333
"416000627",0,1
"416000631",0.0031882014592059,0.996811798540794
"416000632",0,1
"416000636",0,1
"416000639",0,0.000297396429440444
"416000643",0.0140531106083674,0.985946889391633
"416000662",0.00782511623874191,0.992174883761258
"416000667",0.0773520258396411,0.000373064726730088
"416000702",6.11329151841935e-06,0.999993886708482
"416000737",0.498276433109916,0.501723566890084
"416000739",0.537982447415659,0.462017552584341
"416000754",0,1
"416000775",0.997963068581629,0
"416000776",0.639473494964825,0.344422870434431
"416000783",0.051594416609414,0.877272651105116
"416000784",0.00405741067514864,0.994189248423679
"416000791",0,0.00235772928215564
"416000796",0,0.135425905850662
"416000803",0.00677956658385313,0.993152055269802
"416000804",0,1
"416000806",0.868330622628133,0.131669377371867
"416000807",0.0189990523038043,0.0232636851843495
"416000817",0.593194972960787,0.406805027039213
"416000831",2.90891397019157e-05,0.999970910860298
"416000832",0,0.999867565806551
"416000833",0,1
"416000836",0,1
"416000846",0,0.994039577207343
"416000853",0.7210638186892,0.2789361813108
"416000855",0,1
"416000934",0.541662288536303,0.00231165283177472
"416000947",0.477129605509055,0.522870394490945
"416000948",0,0.000369706565506377
"416000961",0.655567059867618,0
"416000964",0.00780880265026029,0.000525845296313824
"416000974",0.0377914719263873,0.962208528073613
"416000977",0.676827520305781,0
"416000985",0,1
"416000993",0.00277550506639814,0.997224494933602
"416001007",0.00844315961580726,0.991556840384193
"416001008",0,0.999866596082583
"416001009",0.0259440116300742,0
"416001013",0.00530673377378717,0.000980757387992184
"416001021",0.0926525010415901,0.000649462049359116
"416001033",0,1
"416001047",0,1
"416001052",0,1
"416001054",0,1
"416001225",0.770971292338407,0.228962889560884
"416001228",0.0114561137053996,0.968028857052183
"416001241",0.0361414568850123,0.00306576277041323
"416001245",0.0109039904388819,0.989096009561118
"416001249",0.00911116217269249,0.988001638410742
"416001251",0.0879326426429438,0.0121806894200006
"416001252",0.0101692330057984,0.989830766994202
"416001255",0,1
"416001355",0.00123975204959008,0.99876024795041
"416001358",0.300462206189054,0.0200101459895158
"416001414",0,1
"416001415",0,0
"416001421",0.397780202816002,0.0252322269835778
"416001425",0.0257064810900459,0.035624857728204
"416001426",0.0842853347502657,0
"416001435",0,0.00267405214401681
"416001438",0.00693390471088891,0.000218234483032269
"416001439",0.0100606717861539,0.989939328213846
"416001461",0.00036781428467141,0.99934860370959
"416001471",0.0164771442892665,0.983522855710734
"416001476",0,0.997800544075939
"416001479",0.00616486910729657,0.00835485341029926
"416001491",0.0043450085519117,0.995654991448088
"416001510",0,1
"416001511",0,0.0132870401281966
"416001519",0.00716425062896849,0.992835749371031
"416001521",0.212987272772735,0
"416001528",0.000320471339385311,0
"416001544",0.0175257020630649,0.00776236803974332
"416001547",0.147899268108327,0.00809321018380252
"416001549",0,0.0476319994560228
"416001558",0,1
"416001567",0.000206054873393999,0.999793945126606
"416001619",0.00564353083800003,0.993785307528931
"416001645",0,0.0064919451791296
"416001665",0.0018256065337497,0.99817439346625
"416001745",0.067342099590429,0.000388014658331537
"416001792",0.0353251768229013,0
"416001799",7.18152690310463e-05,0.999928184730969
"416001821",0.0537282376298106,0.0093253665241295
"416001833",0,1
"416001845",0.363314240500886,0
"416001965",0,1
"416002038",0.102614219398974,0
"416002051",0.00573847569870178,0.994261524301298
"416002067",0.144907134099269,0.00058126333953953
"416002092",0,0.999732087041943
"416002096",0,1
"416002105",0.00132898300057397,0.998671016999426
"416002109",0.884901225252026,0.115098774747974
"416002112",0.0049172040869472,0.995082795913053
"416002114",0,0
"416002116",8.07415803611633e-05,0.999919258419639
"416002117",0.0218219149955513,0.978178085004449
"416002121",0,1
"416002131",0,0.995526223451464
"416002132",0,0
"416002137",0,1
"416002141",0,1
"416002142",0.445512338321124,0.554487661678876
"416002143",0.00846493998736576,0.991535060012634
"416002144",0.00191902200952404,0.590158497003009
"416002147",0.0078211905535375,0.992178809446462
"416002149",0.00373260072084447,0.996267399279156
"416002154",1,0
"416002165",0.328594813474627,0.668413049906976
"416002168",0.00135103683562196,0.998648963164378
"416002173",9.34430008077628e-05,0.999906556999192
"416002174",0.000676917422200441,0.9993230825778
"416002194",0.00293210794519461,0.997067892054805
"416002195",0.480435822388774,0.519564177611226
"416002198",1,0
"416002201",8.15585845507651e-05,0.999918441415449
"416002216",0,1
"416002218",0.682335506676955,0.317664493323045
"416002222",8.84021314736144e-05,0.999911597868526
"416002231",0.00218099170855912,0.997819008291441
"416002232",0,1
"416002261",0,1
"416002274",0.000215574705144861,0.999784425294855
"416002291",0.234249286146262,0.765750713853738
"416002298",0.000387560359907404,0.957001749258922
"416002304",0.00161263095892281,0.96532663858031
"416002323",0.190770722998689,0.809229277001311
"416002324",0.00109500388299249,0.998904996117007
"416002328",0,1
"416002329",0.0547306721279638,0.000441376388128741
"416002343",0.818497564167528,0.181502435832472
"416002346",0,1
"416002348",0,1
"416002353",0.53308742161564,0.224714127628181
"416002357",0.503431866019951,0
"416002362",0.0466841930534495,0.00161505953288889
"416002374",0.000496396163850446,0.99950360383615
"416002404",0,1
"416002415",0,1
"416002441",0.000108659544809644,0.99989134045519
"416002443",0.00257474025146933,0.997425259748531
"416002445",0.00124689876633886,0.998753101233661
"416002446",0,1
"416002452",0.00306963918732603,0.996930360812674
"416002465",0,1
"416002467",0,1
"416002469",0,1
"416002481",0.645994730115654,0.354005269884347
"416002491",0,1
"416002492",0,1
"416002494",0.426434720229555,0.573565279770445
"416002506",0,1
"416002513",0,0.470674989710523
"416002515",1,0
"416002527",0,1
"416002533",2.33294191752273e-05,0.999976670580825
"416002537",0,1
"416002552",0.0655905068116278,0.934409493188372
"416002556",0,1
"416002568",0,1
"416002569",0.000351169834511216,0.999648830165489
"416002575",0,0
"416002581",0.00195320329795147,0.998046796702048
"416002585",0.000371990716405599,0.999628009283594
"416002586",0,0.998118743770094
"416002591",0.614404250434554,0.385595749565446
"416002596",0.000194289822127668,0.999805710177872
"416002603",0.00172169567757279,0.998278304322427
"416002605",0,1
"416002622",0.446827287971053,0.423969640808402
"416002625",0,1
"416002628",1,0
"416002642",0,1
"416002643",0.00694461425602152,0.993014630965481
"416002681",0.969511985041015,0.0304880149589849
"416002682",0,1
"416002686",1,0
"416002695",0.000181926463950241,0.99981807353605
"416002724",0.00247781362551723,0.997522186374483
"416002731",0.00317725289826335,0.996822747101737
"416002744",0.00310915812130006,0.9968908418787
"416002747",0,1
"416002751",0.00147270046759426,0.998527299532406
"416002766",0.524606689471173,0.475393310528827
"416002768",0,1
"416002799",0,1
"416002803",0.00685410298334163,0.992440937418545
"416002825",0.00462182599820617,0.995378174001794
"416002826",0.0087490737556846,0.991250926244315
"416002835",0,0.995942317555133
"416002858",0,1
"416002859",0,1
"416002888",0.625841515702228,0.374042892951711
"416002893",0.00422831880065716,0.995771681199343
"416002896",0.000765048747949909,0.998871553096774
"416002900",0,1
"416002904",0,1
"416002922",0,1
"416002933",0.764542336872062,0.235457663127938
"416002934",0,1
"416002938",0.38833746898263,0
"416002946",0,1
"416002948",0.00209224298204248,0.997907757017957
"416002959",0,1
"416002962",0.00107828843726455,0.998921711562735
"416002981",0,1
"416002983",0.00516847899046852,0.994205038707656
"416002989",0.675459126573383,0.324540873426617
"416002998",0,1
"416003009",0.01399771973466,0.98600228026534
"416003012",0.0827122655075227,0.0122433216378113
"416003021",0,1
"416003055",0.456807668530743,0.543192331469257
"416003063",0,1
"416003066",0,1
"416003068",0,1
"416003073",0.619478818181344,0.380521181818656
"416003074",0.99936289929827,0
"416003089",0.999921478096315,0
"416003097",0.99556711389562,0
"416003105",0.00198124065492323,0.998018759345077
"416003113",0.980882605639303,0.0191173943606967
"416003149",0.00762883817300207,0.992371161826998
"416003158",0.00306627834740136,0.996933721652599
"416003162",0,1
"416003165",0,1
"416003173",1,0
"416003187",0.00157526131537191,0.998424738684628
"416003189",2.93943010329157e-05,0.999970605698967
"416003205",0,1
"416003224",0,1
"416003236",0.0338267726127242,0.966173227387276
"416003272",0.0128578088578089,0.986624708624709
"416003278",0,0.00124311479237923
"416003306",0,1
"416003315",0.00131239343646858,0.998687606563532
"416003371",0.406349689953045,0
"416003386",0.00206010121366832,0.985698717661636
"416003408",0.106348840337426,0.00977114198420476
"416003409",0,1
"416003413",0.000614421098796794,0.999385578901203
"416003414",0,1
"416003452",0.000624512099921936,0.999375487900078
"416003463",2.99955237449181e-05,0.999970004476255
"416003466",0.672867178311916,0.327132821688084
"416003472",0,1
"416003483",0,1
"416003484",6.92988164967339e-05,0.999930701183503
"416003505",0.708802515768093,0.291197484231907
"416003541",0,0.0209882858458233
"416003556",0.0029332921643205,0.99706670783568
"416003561",0.957630988635978,0.0423690113640221
"416003575",0.997439910013385,0.00256008998661522
"416003596",0.00351053676906807,0.996489463230932
"416003609",0.000708395594664896,0.999291604405335
"416003627",0.466747773433509,0.533252226566491
"416003647",0.000172407848005241,0.999827592151995
"416003665",0,1
"416003676",0.00953592391213981,0.99046407608786
"416003677",0,1
"416003684",0.683729494476063,0.316270505523937
"416003688",0,1
"416003700",0.000232100794474746,0.999767899205525
"416003703",0,0
"416003709",0.0149915018736225,0.985008498126377
"416003735",0,1
"416003741",1,0
"416003742",0.000187738873013426,0.999812261126987
"416003756",0,1
"416003803",0.00662312427018309,0.993376875729817
"416003814",0.00170761838410101,0.998292381615899
"416003822",0,1
"416003835",0,1
"416003854",0.000990388882027072,0.999009611117973
"416003867",0,1
"416003869",0,1
"416003874",0.917367259422126,0.0826327405778736
"416003928",0.00320955108007498,0.996790448919925
"416003933",0,1
"416003948",0.0051634659140229,0.994836534085977
"416003955",0.990481182850651,0.00951881714934862
"416003984",0.775136407180641,0.224863592819359
"416004043",0.00331804368651783,0.996681956313482
"416004044",0.96804297569061,0.0319570243093903
"416004048",0.255033466790646,0.743721614705408
"416004073",0.917935574421993,0.0820644255780071
"416004084",0.00333703289891277,0.996662967101087
"416004085",1,0
"416004098",0,1
"416004151",0.0447886004816698,0.000234145036125234
"416004158",0,1
"416004164",0,1
"416004166",0,1
"416004179",0,1
"416004214",0.00646013830379143,0.993539861696209
"416004242",0.00086680525651496,0.999133194743485
"416004246",1,0
"416004248",0.000360616932351962,0.999639383067648
"416004256",0.00705981254525168,0.988021645983851
"416004268",1,0
"416004299",0.00263478977141517,0.997365210228585
"416004329",0,1
"416004339",0,1
"416004341",0.00673760822958935,0.993262391770411
"416004363",0.00302399012380851,0.991171373289175
"416004368",0,0.999763640875947
"416004372",1,0
"416004375",0.776060994867746,0.223939005132254
"416004389",0,1
"416004408",0.00891749755756186,0.991082502442438
"416004409",0,1
"416004411",0.00789292616040006,0.9921070738396
"416004421",0,1
"416004442",0,1
"416004453",0.953505452043193,0.0464945479568071
"416004471",0.878808018393447,0
"416004501",0,1
"416004502",0,1
"416004506",0.368494683827644,0.0173475097929491
"416004553",0.0180587208295017,0.981941279170498
"416004565",0.0169964371729637,0.983003562827036
"416004566",0.00994835714899723,0.990051642851003
"416004576",0,0.00556254552678631
"416004582",0.918323352005763,0.081149805928586
"416004583",0.908872729999966,0.0908596597087991
"416004591",0.0012958814824399,0.99870411851756
"416004617",0,0.488529900448193
"416004627",1,0
"416004662",0.00046579342583754,0.999534206574163
"416004675",1,0
"416004685",0.0218468307340106,0
"416004687",0.00128975761123564,0.991718899470295
"416004696",0.642206582488098,0.00227696129165804
"416004759",0.984539010116713,0.0154609898832866
"416004767",0.141459720425357,0.000567984601306365
"416004881",1,0
"416004887",0,1
"416005082",0.201284539337325,0.798715460662675
"416005085",0.791666666666667,0
"416005097",0,1
"416005149",0.141953863257365,0.000400863727711977
"416005188",0.00166241561981324,0.996444498650447
"416005220",0,1
"416005265",0.0908194353943962,0
"416005345",0.0962315134962373,0.00207746171949908
"416005346",0.123343146960133,0.000173559775272232
"416005370",2.80628233071102e-05,0.999859685883465
"416005374",0,0
"416005529",0.0410998344490031,0.00345497732671129
"416005587",0.333224495719054,0
"416005647",0,1
"416005686",0,1
"416005715",0,1
"416005726",0,0
"416005731",1,0
"416005826",0.00240175258879003,0.99759824741121
"416005836",0.00247806453981424,0.997521935460186
"416008568",0,0
"416008600",0,0
"416008800",0,1
"416015700",0,1
"416029255",0.0375620069935757,0
"416032700",0,1
"416035900",0,0
"416039900",0.445409503941588,0.554590496058412
"416044600",0.75187969924812,0
"416051231",0.107138964577657,0.000842209561555611
"416052600",0.000238459622023704,0.999334448517635
"416053500",0,1
"416056789",0.0586575527560307,0
"416057777",0.510649217346677,0
"416058800",0.902985074626866,0
"416059700",1,0
"416066555",0.0212626837478507,0.00080522122393626
"416069700",1,0
"416074900",0,0
"416075700",0,1
"416075900",7.1252766134171e-05,0.999928747233866
"416076700",0,1
"416077500",0,1
"416079500",0.000706186982619954,0.99929381301738
"416081500",0,1
"416081600",0.000241584990807691,0.999521661718201
"416082900",0,1
"416084500",0.000542533999906804,0.999457466000093
"416086600",0.0255928951180481,0.974407104881952
"416091600",0,0.999552615096346
"416091900",0,1
"416097500",0,1
"416098600",1,0
"416099800",0,1
"416103900",0,0
"416107168",0.0367411314510291,0
"416111500",0,1
"416118500",0,1
"416119800",0,1
"416119900",0,1
"416120500",8.84612866871071e-06,0.999991153871331
"416120600",0,1
"416122800",0,0.999852006422921
"416123900",0,1
"416125600",0.00443261816400352,0.979840143883926
"416126500",0.115023474178404,0
"416127500",0.652107029548126,0.347892970451874
"416127600",0.564136481224688,0.435863518775312
"416127700",0.651246499083711,0.348753500916289
"416127800",0.44771700471018,0.55228299528982
"416142600",0,1
"416153500",0.131371141421393,0
"416154700",0,1
"416163900",0,1
"416164600",0,1
"416167900",0,1
"416168500",0,1
"416168600",0,1
"416171600",0,0.999930784577175
"416171900",0.04149377593361,0
"416173900",0.000261717948994679,0.999738282051005
"416174600",0,0.993556374686964
"416174900",0,1
"416176700",0.00028572051206927,0.999714279487931
"416186550",0.249021315696278,0.0792423212764532
"416193900",0.955546026602677,0.0444539733973228
"416195900",0.00110642631438687,0.998893573685613
"416196500",0.549067858478303,0.450932141521697
"416196600",0,1
"416197600",0.00620422914751292,0.993795770852487
"416198500",0.00539600523856212,0.994603994761438
"416198800",1,0
"416199500",0.00341869092763661,0.996581309072363
"416199600",1.35451013173579e-05,0.999986454898683
"416199800",1,0
"416200800",0,0
"416201800",0.15382563266516,0
"416202700",1,0
"416202800",0,1
"416208900",0.00275511338934555,0.997244886610654
"416209800",0,1
"416210600",0.42189196575641,0.57810803424359
"416210900",0.119960120314982,0.00753658454155261
"416211003",0,0.045194098266724
"416211600",0,1
"416212600",0.0151493470994632,0.984212244957861
"416212700",0.0522241292998641,0.0145712651076307
"416212800",0,1
"416213700",0.00361545937421685,0.996384540625783
"416213800",0.000659690766153304,0.999340309233847
"416214700",0.000362649033446131,0.999637350966554
"416216800",0,1
"416216900",0.733307595029062,0.266692404970938
"416217500",0.965612080864965,0.0343879191350354
"416217800",0.00414906774321518,0.995850932256785
"416217900",0,1
"416218600",0,1
"416218800",0.00402591868819701,0.995974081311803
"416218900",0.785107784190311,0.214892215809689
"416219600",0,1
"416220600",0,1
"416220800",1,0
"416220900",0,1
"416221500",0.000285205464006076,0.999714794535994
"416221600",0,1
"416221700",0,1
"416221800",0.00432975738398459,0.995670242616015
"416222700",0.7295621085029,0.270408628729497
"416225800",0,1
"416226600",0.00038269131980238,0.999617308680198
"416226700",0,1
"416227600",0,1
"416227800",0,1
"416228600",0.802572094925446,0.197427905074554
"416228900",0,1
"416229500",0.00116899278977325,0.998831007210227
"416229600",0,1
"416229700",0,1
"416230166",0.0772185512258383,0
"416230500",0,1
"416230600",0.959812570268527,0.0401874297314729
"416230800",0.49269288855539,0.50730711144461
"416231500",0.000566028636480165,0.992522330210446
"416231600",0.812042484473817,0.187957515526183
"416231900",0,0
"416232500",0,1
"416232600",0,0.999988408641744
"416232900",0,0
"416233500",0,0
"416233700",0.651130061788286,0.348869938211714
"416233900",0.00125786622136987,0.99874213377863
"416235500",0.992757805410053,0.0072421945899473
"416235600",1,0
"416236200",0.0307060143558908,0.969132465720088
"416236600",1,0
"416237600",0,1
"416237700",0.677008392847224,0.322991607152776
"416237800",0.852409001224349,0.147590998775651
"416239700",1,0
"416242800",0.00167767778182386,0.998322322218176
"416243500",0.10234375,0
"416247500",0,1
"416251500",0.00217713243927335,0.997822867560727
"416298180",1,0
"416303000",0,1
"416306430",0,1
"416313000",0,0
"416330000",0,0
"416338000",0,1
"416342000",0.000436612061622228,0.999563387938378
"416345000",1,0
"416349000",0.000432909862176747,0.999567090137823
"416353000",0,1
"416367000",0,0.998986550425222
"416368000",0,1
"416503000",0,1
"416556000",0.000342795078906015,0.999657204921094
"416558866",0,0
"416618000",0,0
"416623000",0,1
"416631000",0.00480936100343971,0.994795747643642
"416641000",0,1
"416667321",0.459399431414357,0.240849324804549
"416679000",0,1
"416710000",0,1
"416717000",0,1
"416761000",0,0.998555582873137
"416772000",0.97427652733119,0
"416773000",1,0
"416779000",0,1
"416785000",0,1
"416791000",0.699481865284974,0
"416793000",1,0
"416803000",0.3,0
"416804000",0,1
"416815000",0.000445216152442011,0.999554783847558
"416822000",0.000241122985318489,0.999758877014681
"416841000",0,0
"416850000",1,0
"416863000",0,0
"416868000",0,0.25
"416881476",0.0021817466188017,0.996698538942311
"416882123",0,0.00238110381453626
"416883418",0.0330548183447594,0.961302194967583
"416885526",0.543524236528212,0
"416888195",0.694444444444444,0
"416888974",0,1
"416895000",1,0
"416951000",0.759438096201166,0.00235109717868339
"431000138",0,0.738071870555325
"431000168",0,0.751646230468193
"431000254",0,0.933211588446734
"431000343",0,0.939741459009122
"431000356",0,0.716266739174767
"431000476",0,0.38041408157781
"431000582",0,0.837386444414011
"431000638",0,0.645955853778595
"431000650",0,0.999493037717994
"431000662",0,1
"431000672",0,0.910033260809763
"431000711",0,0.86311958877088
"431000713",0,0.865256360998492
"431000775",0,0.824091804169213
"431000857",0,0.798733412241775
"431000944",0,0.865447419986937
"431000964",0,0
"431001016",0,0.865078380632606
"431001079",0,0.876327545100644
"431001235",0,0.888546131863646
"431001322",0,0.990361327238049
"431001573",0,0.895056725147565
"431002127",0,0.899255143387205
"431002191",0,0.148712413688129
"431002571",0,0.756745445120664
"431002693",0,0.812658387707851
"431002995",0.715838655146506,0.266106311044328
"431003252",0,0.411545989025859
"431003457",0,0.539971216296005
"431003491",0,0.908698662274298
"431003515",0,0.914690086846486
"431003949",0,0
"431004047",0,0.914246423103215
"431004082",0,0.0524891953416252
"431004286",0,0.843020435182792
"431004389",0,0.738491361264833
"431004559",0,0.830372938230178
"431005009",0,0.894875696272873
"431005381",0,0.804318478627713
"431005411",0,0.788341583265943
"431005871",0.119721915723733,0.798220626026169
"431006351",0,0
"431006558",0,0.990976506103163
"431006805",0,0
"431006988",0,0
"431006989",0,0
"431006995",0,0
"431007015",0,0
"431007026",0,0
"431007028",0,0
"431007034",0,0
"431007038",0,0
"431007076",0,0
"431007088",0,0
"431007089",0,0
"431007091",0,0
"431007104",0,0
"431007114",0,0
"431007123",0,0
"431007139",0,0
"431007141",0,0.00113065599791264
"431007142",0,0
"431007176",0,0
"431007183",0,0
"431007186",0,0
"431007192",0,0
"431007193",0,0.0013825220112057
"431007285",0,0.0499574829931973
"431007286",0,0
"431007295",0,0
"431007296",0,0
"431007303",0,0.967509905516611
"431007378",0,0
"431007379",0,0.131683248402491
"431007496",0,0
"431007503",0,0
"431007598",0,0
"431007621",0,0.00820170109356015
"431007622",0,0
"431007646",0,0
"431007781",0,0
"431007802",0,0
"431007838",0,0
"431008471",0,0
"431008486",0,0
"431008501",0,0
"431008504",0,0
"431008505",0,0
"431008546",0,0
"431008555",0,0.107108574619963
"431008609",0,0
"431008617",0,0
"431008649",0,0
"431008699",0,0
"431008778",0,0
"431008781",0,0
"431008785",0,0
"431008796",0,0
"431008804",0,0
"431008821",0,0
"431008861",0,0
"431008866",0,0
"431008869",0,0
"431008883",0,0.0102249488752556
"431008885",0,0
"431008919",0,0.000754899726526892
"431008959",0,0
"431008962",0,0
"431008975",0,0
"431008995",0,0.0200892857142857
"431008996",0,0
"431009005",0,0
"431009021",0,0
"431009023",0,0
"431009039",0,0
"431009114",0,0
"431009115",0,0
"431009122",0,0
"431009126",0,0
"431009129",0,0
"431009149",0,0
"431009227",0,0.000715646101460149
"431009289",0,0
"431009291",0,0
"431009307",0,0
"431009308",0,0.00332485820457657
"431009343",0,0
"431009348",0,0
"431009351",0,0
"431009352",0,0
"431009353",0,0
"431009354",0,0
"431009381",0,0
"431009386",0,0.595319914907544
"431009388",0,0.00852159519357508
"431009407",0,0.0015371372356124
"431009416",0,0.000486964339226851
"431009629",0,0
"431009671",0,0.514449529032603
"431009772",0,0
"431009808",0,0
"431009916",0,0
"431009933",0,0.644459891082056
"431010018",0,0.933162790697674
"431010031",0,0
"431010099",0,0
"431010144",0,0
"431010149",0,0.00551461114260681
"431010151",0,0
"431010152",0,0.0176303701702243
"431010154",0,0
"431010158",0,0
"431010191",0,0
"431010193",0,0.00130327121073895
"431010199",0,0
"431010206",0,0
"431010233",0,0.0075407766667774
"431010242",0,0
"431010243",0,0.0558269364968597
"431010244",0,0
"431010288",0,0
"431010295",0,0
"431010305",0,0
"431010306",0,0
"431010313",0,0
"431010315",0,0
"431010321",0,0
"431010406",0,0
"431010408",0,0
"431010492",0,0
"431010493",0,0
"431010496",0,0
"431010498",0,0
"431010651",0,0
"431010721",0,0
"431010724",0,0
"431010797",0,0
"431010832",0,0
"431010842",0,0.0199806638736706
"431010862",0,0
"431010887",0,0.846245539291562
"431010937",0,0.0374607447285778
"431010939",0,0.0136372888255648
"431010968",0,0
"431011024",0,0
"431011066",0,0
"431011081",0,0
"431011153",0,0
"431011189",0,0.196144399265207
"431011256",0,0
"431011377",0.145179248191198,0.453765390683083
"431011378",0,0.00101929633404801
"431011412",0,0.237822679778734
"431011428",0,0
"431011506",0,0.246792395953049
"431011755",0,0.126726306961141
"431011762",0,0.728822841798111
"431011788",0,0
"431011789",0,0.00670693166654962
"431011825",0,0.00434586296421718
"431011829",0,0.000340053077849977
"431011843",0,0.257596347230527
"431012033",0,0.000475556400989157
"431012063",0,0
"431012107",0,0
"431012128",0,0
"431012149",0,0
"431012167",0,0
"431012188",0,0
"431012191",0,0.162726488352028
"431012451",0,0
"431012704",0,0.000998357133830406
"431012705",0,0.000811576448970217
"431012755",0,0
"431012903",0,0.23954486775346
"431013572",0,0.371117304281733
"431013713",0,0
"431014106",0,0
"431044000",0,1
"431053000",0.000325581395348837,0.999674418604651
"431067000",0.283028455284553,0.716971544715447
"431099000",0.870056497175141,0
"431100610",0,0.995982709921603
"431100990",0,1
"431101210",0.997174013208416,5.02645872020776e-05
"431101240",0.000210802454677472,0.999789197545323
"431101320",0,1
"431154000",0,0.999808910643677
"431200070",0,0.715826008758693
"431200190",0,1
"431200343",0,0.526888483552425
"431200460",0.00862286613194539,0.991377133868055
"431200503",0,0.623428841056943
"431200520",0.000263181209382801,0.999736818790617
"431200541",0,0.726568007826452
"431200570",0,0.567197565010019
"431200599",0,0.903575045917799
"431200702",0,0.724234506591388
"431200730",0,1
"431204000",0.00289230915924387,0.997107690840756
"431206000",0.731591962987303,0.268408037012697
"431245000",0,1
"431249000",1,0
"431253000",1,0
"431298000",0,1
"431300420",0,0.0150237544461856
"431300480",0,0.127225259653039
"431301286",0,0.155708158701841
"431301296",0.651186666586615,0.208268541477795
"431329000",0.417649289753137,0.577127292787202
"431361000",0.940801333362574,0.0591986666374263
"431377000",0,0.816591435723164
"431378000",1,0
"431380000",0.743421462011208,0.256578537988792
"431382000",0,0.996642717698774
"431414000",0,0.932412296168995
"431424000",0.003288976095497,0.996711023904503
"431448000",0,0
"431457000",0,0
"431490000",0,1
"431500040",0.00139746694631456,0.996702163408614
"431500044",0,0.576384448865536
"431500078",0,0.824029480018192
"431500100",0,0
"431500120",0,0.90876020859661
"431500130",0.00229853353560428,0.516296602767434
"431500180",0.0161270158769846,0.983872984123015
"431500220",0,0.852471674012121
"431500330",0,0
"431500360",0,0.56177508260795
"431500370",0,0.420599155568452
"431500410",0,0.99583688691655
"431500430",0,1
"431500460",0.000151101477668244,0.999848898522332
"431500516",0,0
"431500530",0,1
"431500637",0,0.96458787189075
"431500682",0,0.638403878091476
"431500720",0,0.413610980286618
"431500730",0,0.813523100310648
"431500760",0,0.490132686738062
"431500801",0,0.575543684868532
"431500880",0.192205792667686,0.72029433230357
"431500940",0,0.842911776803452
"431500944",0,0.904117488573036
"431500950",0,0.716053920243873
"431500960",0.457505974364545,0.542494025635455
"431500990",0.990008200816311,0.00925655358337968
"431501010",0,0.816690546152165
"431501114",0,0.78994766123077
"431501170",0.300784384314754,0.575419573912433
"431501176",0,0.902574476184789
"431501186",0,0.96109244526018
"431501250",0,0.735372746715551
"431501252",0,0.910237246789276
"431501260",0,0.764861432055545
"431501545",0.57949057796268,0.382870361847959
"431501605",0,0.931926495289958
"431501624",0,0.597846062895992
"431501646",0.511389457999628,0.33411249767182
"431501647",0,0.944663352408964
"431501661",0,0.84548748679345
"431501683",0,0.447296126156234
"431501689",0,0.859242789988566
"431501697",0,0.813127851066453
"431501724",0,0.873861573454725
"431501731",0,0.879644708702669
"431501733",0,0.836913732988415
"431501757",0,0.584348012021715
"431501762",0,0.759963380378507
"431501786",0,0.914416574433837
"431501789",0,0.925963546973711
"431501795",0,0.933429019776816
"431501805",0,0.607606663904719
"431501822",0,0.971733336072351
"431501831",0,0.997222433191923
"431501883",0,0.925767587688618
"431507000",0,0.923366652180212
"431517000",0,0
"431539000",0,0.99982297826426
"431600000",0,0
"431600008",0,0.859190026898972
"431600065",0,0.0423182696933117
"431600078",0,0.865759830457718
"431600092",0,0.924614356232003
"431600120",0,0.950996402605931
"431600140",0,0.719385416565081
"431600150",0,0.248477647408288
"431600210",0.601456366937509,0.398543633062491
"431600220",0,0.48067876460946
"431600230",0,0.839377725543562
"431600240",0,0.792785255244331
"431600250",0,0.87344183838686
"431600260",0,0.704781644694195
"431600275",0.998375470931826,0
"431600276",0,0
"431600300",0,0.747276170671024
"431600320",0,0.733194216211385
"431600330",0,0
"431600340",0,0.725633134242717
"431600390",0.0591977254288155,0.585795417830398
"431600410",0,0.642963984387781
"431600420",0.000785671116971595,0.752194934344267
"431600460",0,0.788824155103225
"431600470",0,0.763050724637681
"431600490",0,0.693295806055726
"431600570",0,1
"431600580",0,0
"431600610",0,0.940566152241637
"431600620",0,0.759432821193532
"431600630",0,0.944014736219029
"431600640",0,0.949512892613333
"431600660",0,0.824479840448469
"431600680",0,0.57147364561215
"431600710",0,0.997222308777771
"431600740",0,0.580580060921524
"431600760",0,0.746639229725733
"431600850",0,0.928732022919592
"431600975",0,0
"431601070",0,0
"431601130",0,0.99715818951841
"431601150",0,0.919935265558334
"431601224",0,0.695867414535848
"431601317",0.429161362273402,0.558539459425337
"431601320",0,0
"431601326",0,0.849185736812117
"431601350",0,0
"431601383",0,0.00129542749107205
"431601550",0,0.850666292310423
"431601570",0,0.67806392880998
"431601572",0,0.748210901154443
"431601590",0.585247364558313,0.41453162530024
"431601620",0,0.951975910016828
"431601775",0.653855494063063,0.344048364626337
"431601805",0,0.808627523167989
"431601830",0,0.0880323306264059
"431601917",0,0.796804951403085
"431601929",0,0.920975485405957
"431601931",0,0.921749337372208
"431601932",0,0.773314182809732
"431601951",0,0.914987683641324
"431601968",0,0.000394017003349145
"431601970",0,0.696603745665984
"431602029",0,0.884603503817131
"431602040",0,0.999221537184502
"431602069",0,0.612948055693946
"431602086",0,0.911857331430371
"431602090",0,0
"431602092",0,0.799472718936268
"431602128",0,0.788803848545025
"431602156",0,0.956859989049514
"431602221",0,0
"431602237",0,0.777639650288369
"431602240",0.7529086176439,0.246433215487946
"431602316",0,0.496305516565587
"431602322",0,0.969448924629407
"431602338",0,0.803390113882619
"431602339",0,0.745300116087759
"431602340",0,0
"431602346",0,0.746056358622284
"431602350",0,0.613473210864875
"431602420",0,0.751793471597706
"431602750",0,0.896599052242256
"431603180",0,0.940549529460675
"431603230",0,0.00862706433325117
"431603270",0.0017608079289467,0.927104185902098
"431603370",0,0.501526023011275
"431644000",0,0.998078243405391
"431663000",0.000555883925807087,0.999444116074193
"431680113",0.42533703891576,0.57106930820396
"431680124",0.348061390817018,0.651938609182982
"431680129",0,1
"431680136",0.556173535680133,0.433723418397321
"431680141",0.450989730614675,0.531673505836328
"431680150",1,0
"431680154",0.22793564877462,0.754131299462829
"431680156",0.333222154517174,0.2941150059331
"431680160",0.418203669768438,0.576822389871249
"431680182",0,0.835169042953353
"431680190",0.999932553471608,0
"431680210",0.676700673798013,0.323299326201987
"431680219",0,0.987379398947024
"431680225",0,0.985484952471108
"431680230",0.974617112287394,0.0253828877126057
"431680280",0.613458300402048,0.386541699597952
"431680310",0,0.69632138513646
"431680360",0.505230384240467,0.494769615759533
"431680370",0.411896681320183,0.588103318679817
"431680380",0.957955402789796,0.0420445972102037
"431680410",0,0.850219627028591
"431680460",0.600255674639157,0.3904315252776
"431680470",0.357731100212825,0.499946615797453
"431680480",1,0
"431680550",0.274673056616034,0.681707416131915
"431680570",0.550541956506893,0.432726172938273
"431680580",1,0
"431680620",1,0
"431680630",0.422842778366773,0.389536783287658
"431680680",0.395854722792608,0.419838888011373
"431680730",0.453865525480386,0.546134474519614
"431680740",0,0.442250992406648
"431680770",0,0
"431680780",0,0
"431680790",0,0.355335051075416
"431700030",0.883071177188824,0.11425753733446
"431700060",0.765179156340169,0.234820843659831
"431700090",0,1
"431700120",0,0.970164150727516
"431700130",0,0
"431700140",0,0.842850603188281
"431700190",0,0.902715946265748
"431700200",0.445466527404755,0.554506117576843
"431700454",0,0
"431700550",0,0
"431700660",0,1
"431700830",0,1
"431700980",0,0
"431701710",0,1
"431701720",0,1
"431701780",0.00779500787793349,0.992204992122066
"431702040",0,0.834094221432915
"431702510",0,0.851479759257243
"431702540",0,0.919537380326965
"431702640",0,1
"431702850",0.7289269816754,0.2710730183246
"431702990",0.888202360114237,0.111797639885763
"431703560",0.99858368250953,0.00141631749047033
"431703660",0.659446621906637,0.340533605174353
"431703710",0.727752775605657,0.272247224394343
"431703830",0,1
"431704070",1,0
"431704110",0.852922553684172,0.147077446315828
"431704230",0.0117645581699018,0.985460663435703
"431704330",1,0
"431715000",0,0.892787147243134
"431800563",0,0
"431800607",0,0
"431853000",0.624896129618323,0.375103870381677
"431869000",0.335968347768475,0.663772514279303
"431882000",0,1
"431893000",0.000480673755664278,0.999519326244336
"431918000",1,0
"431937000",0,1
"431984000",0.785093030936915,0.0151932180997468
"432282000",0.38996138996139,0
"432306000",0,1
"432319000",0.723693129086416,0.273989280165177
"432343000",0.00088961845558931,0.997289831082663
"432346000",0.014922892556923,0.985077107443077
"432367000",0.00174858928116965,0.99825141071883
"432374000",3.57929605008411e-05,0.999964207039499
"432378000",0,0.0454283255633623
"432405000",0,0
"432411000",0,1
"432453000",0.00111801738250835,0.998086060718992
"432468000",0,0.999957988809747
"432475000",0.867382048616268,0.129932174860142
"432515000",0,1
"432561000",0,0.489019355838882
"432626000",0.333436846151105,0.666563153848895
"432761000",0,0.902929250120997
"432776000",0,0.93555751312051
"432881000",0.000562838487624639,0.999437161512375
"432890000",6.65809437016508e-05,0.999900128584447
"432896000",0,0.889536022845916
"432907000",0,0.897711674009943
"432909000",0,0.969260334205885
"432914000",0,0.998669645232776
"432918000",0.99882064645523,0
"432924000",2.1395459408059e-05,0.999978604540592
"432936000",0.557303880777669,0.442696119222332
"432942000",0.998575255534456,0
"432943000",0.0197610183945286,0.980064317491412
"432955000",0,0
"432962000",0.636578781461664,0.363421218538336
"432971000",0.998935288945809,0.001064711054191
"432984000",0.822922674535578,0.175062034739454
"432987000",0,0
"432990000",0.000458150208397528,0.999541849791602
"440015970",0.91491736195993,0
"440045000",0,1
"440055000",0,1
"440100101",0.0711143138890996,0
"440116130",0.0102822580645161,0
"440125000",0.000487254052716248,0.999512745947284
"440239000",0.502277763663053,0.497722236336947
"440246000",0,0.999953268676353
"440298000",0,1
"440339000",0.000551562792092292,0.999354042233422
"440401930",0.162371047414228,0
"440403690",0,0
"440404230",0.196117441369747,0
"440412750",0.985658804967838,0
"440503000",0.0011247245623463,0.998875275437654
"440504000",0,1
"440517000",0.0677041214889684,0.932059919774029
"440522000",0.083963284606113,0.916036715393887
"440549000",0,1
"440574000",0.355851363732469,0.644148636267531
"440584000",0.000742852386699405,0.9992571476133
"440590000",0.453317832731813,0.546682167268187
"440595000",0.291999266938112,0.708000733061888
"440600292",0.50307465256426,0
"440600402",0.136127530001791,0
"440604000",0.223462305126997,0.776418761090575
"440612000",0.294127982691261,0.705872017308739
"440617000",0,1
"440620000",0.273273757507664,0.726726242492336
"440623000",0,1
"440628000",0,1
"440636000",0.216472787826222,0.783527212173778
"440641000",0.111824176841771,0.888175823158229
"440645000",0.0336321536865888,0.966367846313411
"440646000",0.0637002302944315,0.935679826249404
"440647000",0.226273360564834,0.773703085037265
"440648000",0.261227337760252,0.738747502939445
"440654000",0,0.998815279761625
"440656000",0.303402911363335,0.696333721711759
"440703000",0.228484623934791,0.771515376065209
"440704000",0.0021362894960955,0.997863710503904
"440705000",0.0227485979880856,0.977251402011915
"440731000",0,1
"440733000",0.000229328630011612,0.999770671369989
"440751000",0,1
"440765000",0.227258667660693,0.772741332339307
"440770000",0.00110610072064674,0.998893899279353
"440772000",0,1
"440773000",0.0965612888918614,0.903438711108139
"440780000",0.231088730612389,0.76865671641791
"440781000",0.136346164179166,0.863653835820834
"440786000",0.00399762459987544,0.996002375400124
"440787000",0.000528045860100972,0.999471954139899
"440788000",0.140486769706091,0.859373880222642
"440792000",0,1
"440801000",0.201392329695678,0.798607670304322
"440807000",0.00413204883155802,0.995867951168442
"440809000",0.143332440936939,0.856494899760605
"440820000",0.403765729338462,0.596234270661538
"440821000",0.202292955196862,0.797707044803138
"440846000",0,1
"440847000",0,1
"440858000",0.25181913298798,0.74818086701202
"440871000",0,0.999164277171799
"440885000",0.00175441456347476,0.998245585436525
"440886000",0,1
"440894000",0,1
"440895000",0.170647950460952,0.829352049539048
"440900000",0,0.999960462056226
"440919000",0.0955219147444671,0.904478085255533
"440920000",0,1
"440931000",0,1
"440933000",0,1
"440934000",0.234772876892693,0.765227123107307
"440935000",0.0020649847744424,0.997935015225558
"440936000",0.307105925372547,0.692894074627452
"440941000",0.26143283296159,0.738500458408024
"440944000",0.00024401473965225,0.999755985260348
"440946000",0,1
"440954000",0.263391009030834,0.736415418346851
"440966000",0,1
"440986000",0.00024150636099812,0.999758493639002
"440987000",0,1
"440989000",0,1
"440992000",0.0282858450087723,0.971714154991228
"441014000",0.00449715477842989,0.99550284522157
"441018000",0.185523405769753,0.814476594230247
"441038000",0,1
"441043000",0,1
"441072000",0,1
"441084000",0,1
"441090000",0.000105104316033663,0.999894895683966
"441098000",0,1
"441201562",0.00169903450517467,0.998300965494825
"441233000",0.000111047469871068,0.999888952530129
"441251000",0.262394307970954,0.737323908412909
"441524000",0.387092872813186,0.612907127186814
"441584000",0.312729449247453,0.687270550752547
"441660000",5.91887907191976e-05,0.999940811209281
"441680000",0.00330732477096392,0.996692675229036
"441811000",0.151006990141446,0.847850443828759
"441812000",0.12376220079719,0.868146523344021
"441825000",0.00146898756781578,0.998531012432184
"454045000",0,0.999871277340693
"503005970",0,0.0169754357739258
"503007240",0,0
"503012780",0,0
"503014150",0,0
"503042740",0,0
"503070290",0,0
"503074950",0,0
"503079770",0,0
"503085560",0.388627476969978,0.611372523030022
"503179400",0,0
"503335600",0,0.00087216344989098
"503337100",0,0.00275396788794381
"503555500",0,0.00647133393309888
"503586100",1,0
"503597400",0,0
"503798600",0,0
"503798700",0,0
"503798800",0,0.0122249231933603
"503798900",0,0.0051022457916516
"510012000",1,0
"510013000",0.972774848094089,0.0272251519059112
"510014000",0.896040917208002,0
"510033000",0.99963887742468,0
"510034000",0.800986186923334,0
"510035000",1,0
"510038000",0.89713243149164,0.0252667714947606
"510051000",0,0.0131362810652031
"510052000",0,0.0151962488719885
"510053000",0,0
"510060013",1,0
"512001073",0,0
"512001495",0,0
"512001926",0,0
"512002055",0,0
"512003467",0,0
"512004138",0,0
"512005035",0,0
"512005780",0,0
"512082000",0,0
"518071000",0.017863294757123,0.000242430428846669
"518100073",0.00368119987957413,0
"518100455",0.970684838325681,0.0293151616743192
"518100456",0.987266463213636,0.0127335367863637
"518100457",0.957099369941242,0.0429006300587583
"518100458",1,0
"518100601",0.145929252593355,0.854070747406645
"518107000",0.00396223358029783,0.710941067299053
"518206000",0.00453011454612637,0.995469885453874
"518259000",0.00920830241569791,0
"518260000",0.0151167570578017,0
"518402000",0.0195004699753555,0
"518676000",1,0
"520012000",0,0
"520019000",0,0
"520020000",0,0
"520023000",0.000548429359251699,0
"520028000",0,0
"520033000",0,0
"520074000",0.000874810457734158,0
"520075000",0,0.0678636640292149
"520076000",0,0
"520077000",0.00197781341522585,0
"520085000",0,0
"520088000",0,0
"520100000",0.000641462805285654,0
"520116000",0.00199186035164659,0
"520130000",0.819554228489428,0.166012223097086
"520137000",0.949650521152667,0.04886572654813
"520143000",0.893763007679856,0.105963146428441
"520145000",0.998108348871682,0
"520151000",0.65468142161121,0.339898780073271
"520170000",0.000158010472582988,0
"520171000",0.999663934799974,0
"520172000",0.839130270717936,0.160869729282064
"520174000",0.00613010346245442,0.99202481262171
"520177000",0.284854630605628,0.0561330006537954
"520179000",0.529009129776884,0.0488783271892677
"520180000",0.955606409223434,0.0343636046482652
"520187000",0,0
"520204000",0.928086072291631,0.0649062526356706
"520217000",0.000865816411011429,0.999134183588989
"520218000",0.000114690787021414,0.999885309212978
"520223000",0.0942640435699202,0.902203308443546
"520225000",0.986866988524146,0.0131330114758542
"520231000",0.933758779478115,0.0662412205218847
"520234000",0.895141065830721,0.104858934169279
"520238000",0,1
"520241000",0.902124817406012,0.0978751825939879
"520243000",0.576294093796459,0.355440567901711
"520248000",0,0
"520250000",0.49296274104599,0.192616686435393
"520271000",0.632860671840657,0
"520312000",0,0
"520313000",0,0
"520314000",0,0
"520315000",0.00122514276457009,0.000275066488464083
"520332000",0.000237820492422403,0.998956604459302
"538060011",0.379032186261853,0
"538060012",1,0
"538060013",0.991318853407776,0
"538060014",0.404558721615483,0
"540000670",0,0
"540000800",0,0
"540001900",0.00424578422524441,0
"540002100",0,0
"540002300",0,0
"540003400",0,0
"540003800",0,0
"540003900",0,0
"540004000",0,0
"540004100",0.00132507970036574,0
"540005000",7.50548412078371e-05,0
"540010700",0,0
"540010800",0,0
"540011470",0,0
"540011500",0.028696122988072,0
"540013100",0,0.00302488187255893
"540013200",0,0.0010992776175656
"540017550",0,0
"540017560",0,0
"540017570",0,0
"546006400",0,0
"546006500",0,0
"546006600",0,0
"546006700",0,0
"546007100",0,0.000613493206018308
"546009050",0,0
"546012900",0,0
"546021100",0,0
"546021500",0,0
"546021600",0,0
"546021700",0,0
"546022100",0,0
"553111283",0,0
"553111284",0,0
"553111285",0,0
"553111286",0,0
"553111288",0,0
"553111375",0,0
"553111394",0,0
"567872000",0.000661270492598037,0.999338729507402
"572138210",0,0.0972943755442779
"576237000",0.0157183322939599,0.830011721127332
"576383000",0.999578344171386,0.000421655828614187
"576394000",0.997195554817308,0.00280444518269211
"576594000",0.546746575672762,0.453253424327239
"576595000",0.435540173940796,0.564459826059204
"576596000",0.00127349691490888,0.998726503085091
"576608000",0.00166856313512153,0.998331436864879
"576609000",0,1
"576633000",0.000173751882312058,0.999826248117688
"576635000",0,1
"576636000",0.37167891464104,0.62832108535896
"576638000",0.000203097232800203,0.9997969027672
"576649000",0,1
"576660000",0.981351469308831,0.0186485306911691
"576664000",0.944364500932098,0.0556354990679019
"576678000",0.375219818504571,0.624780181495429
"576679000",0,1
"576682000",0,1
"576690000",0.00269790331575497,0.997302096684245
"576694000",1,0
"576695000",1,0
"576696000",0.998872790791593,0.0011272092084072
"576699000",0,1
"576726000",0,1
"576736000",0.00184673128562444,0.998153268714376
"576737000",0.00739545420913739,0.992604545790863
"576753000",1,0
"576754000",1,0
"576770000",0.00342585410124618,0.996574145898754
"576811000",0.000334592307779555,0.99966540769222
"576843000",0,1
"576847000",0,1
"576848000",0,1
"576850000",0.000935724764106805,0.999064275235893
"576877000",0,1
"576890000",8.65002730937193e-05,0.999913499726906
"576956000",0,1
"576959000",0.000221915806639023,0.999778084193361
"576975000",0.000175937954154907,0.999824062045845
"576987000",1,0
"577021000",0.0207848741824227,0.979215125817577
"577145000",0,1
"577146000",0.00343210657135772,0.996567893428642
"577205000",1,0
"577222000",0.000464858552839542,0.99953514144716
"577224000",0.00229336046281049,0.99770663953719
"577245000",0,1
"577246000",0,1
"577251000",0.0120459984872866,0.987954001512714
"577257000",0,1
"577258000",0,1
"577259000",0,1
"577289000",0,1
"577290000",0,1
"577308000",0,1
"577309000",0,1
"577319000",0.000248875335509155,0.999751124664491
"577322000",0.000175868280211856,0.999824131719788
"577326000",0.000207713079000208,0.999792286921
"577415000",0.682096069868996,0.317903930131004
"577416000",0.690695110687364,0.309304889312636
"577428000",0,1
"600014098",0.580524097285689,0.419475902714311
"664000022",1,0
"664000023",1,0
"664061000",1,0
"664158000",1,0
"664324000",1,0
"664540000",1,0
"664542000",1,0
"700058279",1,0
"701000168",0,0.00303627990128447
"725002103",0,0
"735057853",0,0.0220095693779904
"735058806",0,1
"735059233",0,1
"735059247",0,1
"735059255",0,0.999098838692126
"800202528",0.888265206880262,0
"888888818",0.895064655172414,0.000161637931034483
"900017748",0.576282154991102,0
"900028964",0,1
