"mmsi","length","tonnage"
"431603370",21.81,13
"876",23.49,146.88
"200023459",21.06,45.67
"33004580",37.02,118.78
"100901039",32.87,260.91
"200000216",25.89,69.19
"800202528",22.28,84.4
"200995958",19.68,31.05
"200016069",19.31,52.26
"200016052",25.07,84.52
"200005873",21.48,36.56
"111111126",22.23,113.16
"200023437",25.62,70.84
"200042240",20.59,41.62
"200012314",23.29,42.75
"150443127",66.17,1336.5
"200601254",21.22,39.27
"888888818",17.54,38.67
"200020789",19.93,36.37
"200042058",35.5,156.69
"200023608",22.01,37.22
"32004580",39.16,223.91
"200020753",21.05,38.17
"200041771",20.56,38.97
"454045000",33.48,288
"200015925",20.14,44.57
"98344746",48.94,401.45
"200021405",27.46,102.7
"600014098",30.25,169.81
"700058279",37.38,396.38
"100902573",38.91,346.08
"900028964",35.72,405.64
"200021441",24.21,59.5
"200016065",23.71,49.98
"200020783",21.62,46.14
"200023583",18.77,32.89
"200021422",21.56,54.37
"900017748",19.85,38.65
"200021400",24.15,74.41
"200008650",39.39,265
"200004544",37.96,195.51
"200033044",26.62,84.61
"79050",27.72,264.89
"98345923",39.39,217.61
"12000001",26.6,84.84
"718",24.59,45.23
"200023344",20.02,39.86
"201707002",21.29,66.55
"201601565",23.96,58.56
"201601318",21.67,52.33
"201941909",49,458.13
"201601323",24.54,77.52
"201700001",23.08,45.04
"201601321",25.34,105.16
"201601542",22.48,55.13
"201601665",22.01,54.58
"701000168",21.94,50.94
"503007240",21.5,147.5
"503085560",24.02,99.75
"503042740",21.4,130
"503798900",23.78,149
"503074950",22,65
"503335600",23.4,145
"503337100",21.81,70
"503798800",21.1,138
"503597400",25.34,183.67
"503012780",23.5,172.5
"503005970",19.76,59.25
"503555500",22.43,61.5
"503079770",21.6,66.5
"503586100",23.15,119.06
"503070290",21.69,67.5
"503179400",22.2,54
"503798700",21.1,160
"503798600",18.52,90
"503014150",21.09,75
"725002103",13.94,18.51
"412326905",33.74,223
"412482984",39.21,328.16
"412420901",44.3,462
"412460278",42.24,362
"412326854",38.22,392
"412685210",55,699.5
"412007971",37.13,491.03
"412440562",47.2,608
"412695650",52.6,634
"413328727",35.24,248.24
"412460285",41.02,302
"412549008",34.81,215
"412329557",40.03,276
"412695760",52.73,621.5
"412005168",28.96,125.71
"412420195",41.45,298
"413321670",31.93,157
"412329417",40.03,276
"412421094",44.3,460
"412354266",45.9,424.5
"412676430",50.62,606
"412699470",27.2,117
"412460283",41.02,302
"412328728",36.34,255
"412687110",25,119
"412500156",34.85,225
"412336913",37.38,329
"412420436",39.28,299
"412674190",51.46,577
"412200115",37.25,242
"412421288",44,455
"412691230",44.1,490.8
"412420946",46.56,498
"412331063",37.56,276
"412421156",44,455
"413322690",35.26,190
"412329588",40.03,276
"412695620",52.6,634
"412996000",48.6,523
"412420582",42.47,394
"412328715",41.62,370.26
"412468636",30.42,149
"412331027",55.4,698
"412460288",41.02,302
"412658760",31.82,97
"412330103",40.17,316
"412420793",42.3,396
"412440579",45.83,475
"412300365",37.41,255
"412446789",40.17,443.41
"412331033",55.4,698
"412685220",55,699.5
"412329423",40.03,276
"412420585",42.47,394
"412331011",40.87,307
"412000405",24.68,60.2
"412460281",41.02,302
"413322610",32.74,190
"412499944",39.69,315
"412460084",36.34,277
"412002527",25.56,83.65
"412326799",38.76,271
"412475114",30.46,159
"412420906",44,461
"412475079",30.46,159
"412695430",55,699.5
"412421189",44.12,496
"412328724",38.8,276
"412679230",55,699.5
"412421026",39.27,317
"412549089",52.11,620.4
"412329428",47.08,474
"412420871",42.5,460
"412420942",44.12,498
"412002904",26.5,102.84
"412679050",25.02,119
"412440045",37.91,282
"412420903",44.3,462
"412421136",59.59,859
"412448556",45.37,681.59
"412420945",44.12,498
"412321680",28.15,165.24
"412329405",44.98,454
"412371191",52.59,577
"412420812",46.59,473
"412200078",53.64,507.5
"412326877",37.53,255
"412328755",36.52,270
"412328797",40.41,336
"412329426",36.34,255
"412464153",31.71,149
"412460003",32.74,196
"412440561",49.39,615
"412460043",52.93,493
"412371208",46.55,560
"413404430",52.6,646
"412465076",30.42,149
"412460114",39.11,296
"412420817",46.59,473
"412460289",41.02,302
"412320026",35.85,199
"412421098",46.92,510
"412200116",37.25,242
"412333792",41,432
"412695590",52.6,634
"412696740",48.6,626
"412440806",43.18,605.33
"412658750",31.82,97
"412420905",44.45,461
"412460054",30.24,193
"412326881",37.65,255
"412326895",35.5,255
"412354264",45.9,424.5
"412695120",46.9,577
"412549011",34.63,215
"412331104",27.4,157
"412326896",37.55,255
"412463901",44.19,471
"412209233",35.75,271
"412549102",38.8,314
"412420896",44.3,462
"412420435",39.28,299
"412420792",42.3,396
"413322760",34.67,190
"412420236",38.42,297
"412328793",39.9,229.7
"412331499",40.03,276
"412694580",28.05,150
"412460007",32.74,196
"412440805",46.82,614.89
"412460284",41.02,302
"412699450",27.2,117
"412326901",36.11,223
"412474535",30.46,159
"412421023",40.23,317
"412421187",44.12,496
"412440583",45.83,475
"412200079",52.69,512.5
"412500244",33.78,228
"412420875",44.19,474.5
"412329429",47.08,474
"412320024",35.85,199
"412330102",40.17,316
"412460005",32.74,196
"412005429",21.8,44.92
"412420818",46.59,473
"413322620",34.67,190
"412324210",47.88,399
"412354267",45.9,424.5
"412329459",35.16,255
"412420434",38.42,299
"412205130",48.6,626
"412270059",53.69,647
"412420898",40.61,355.64
"412691770",42.83,355
"412993000",52.98,497
"412549005",34.63,215
"412326873",36.74,255
"412420863",43.45,428
"412460296",37.6,295
"412200417",37.03,320
"412209186",49.12,468.47
"412326894",37.55,255
"412695550",52.6,634
"412328796",40.41,517
"412420943",46.56,498
"412421058",44,455
"412328757",37.35,270
"412460083",36.34,277
"413691207",36.32,381.11
"412354265",44.7,424.5
"412499943",39.69,315
"413011000",51.9,523
"412691540",26.98,157
"412328726",38.8,276
"412329433",47.08,474
"412467334",30.42,149
"412460052",32.74,198
"412460299",55,619
"412420796",42.3,396
"412698170",27.56,105
"412679210",52.5,497
"412687160",24.3,98
"412331102",25.8,157
"412421099",45.2,525
"412549009",34.63,215
"412056335",32.42,197.04
"412420814",44.19,473
"412328759",37.37,270
"412440046",37.91,282
"412460029",52.3,617.5
"412328725",40.03,276
"412468637",30.42,149
"412329431",47.08,474
"412421134",59.59,859
"412440554",44.74,538
"412420846",44.91,460
"412200461",48.4,559
"412699550",26.4,100
"412460112",38.15,296
"413341000",35.08,192
"412695570",52.6,575
"412329422",40.03,276
"412326876",37.53,255
"413344000",34.82,192
"412420939",44.12,498
"412331085",55.6,584
"412007970",37.7,479.27
"412329416",37.74,255
"412331012",40.87,307
"412320028",37.48,219
"412328792",37.08,308.7
"412440552",44.74,538
"412440035",37.91,282
"413462010",42.18,432
"412329461",35.16,255
"412465078",30.42,149
"412331029",55.4,698
"413204950",46.56,498
"412420847",44.53,460
"412326893",35.5,255
"412333794",41,432
"412691530",31.98,164
"412500157",32.7,225
"412464117",31.71,149
"412331031",55.4,698
"412331099",27.4,157
"412678050",37.32,303
"412699530",26.5,107
"412420811",46.59,473
"412421186",46.56,496
"412695580",55.2,634
"412326903",33.74,223
"412002275",20.3,40.16
"413340000",34.82,192
"413322680",35.6,190
"412460075",38.15,296
"412440235",44.74,482
"412328758",37.37,270
"412421199",44,455
"412463905",44.19,471
"412326904",35.67,223
"412699570",26.5,100
"412699560",26.5,100
"412470420",34.57,225
"412421095",48.7,646
"412699540",26.5,107
"412460055",30.24,193
"412328795",40.41,336
"412679040",25,119
"412460297",37.6,295
"412483615",38.92,282
"412209234",35.75,271
"413342000",34.82,192
"412440694",44.79,545
"412336911",37.37,329
"413345000",34.82,192
"412694640",51.9,523
"412420583",42.47,394
"412463904",44.19,471
"412699440",27.81,117
"412342552",24.61,108.62
"412421025",39.27,317
"412328714",51.23,653
"412699460",27.2,117
"412440551",44.74,538
"412678036",43.36,527.5
"412421188",44,455
"412420849",44.43,460
"412440548",44.74,538
"412420877",44.19,474.5
"412440011",41.57,441
"412270001",52.69,602
"412694610",28.05,150
"412331105",27.4,157
"412440233",44.74,482
"412440582",45.83,475
"412463903",44.19,471
"412460053",32.74,198
"412992000",48.6,497
"412331101",27.4,157
"412440238",44.74,482
"412002099",22.2,52.24
"412326882",36.94,255
"412329424",40.03,276
"412695640",52.6,634
"412460282",41.02,302
"412440578",45.83,475
"412209076",54.61,577
"412500245",37.14,228
"412420433",39.28,299
"412691550",26.98,157
"412460113",38.15,296
"413322770",34.67,190
"413300480",51.65,573
"413003409",22.1,49.89
"413226868",23.96,58.76
"412420902",44.3,462
"412440564",44.53,531
"412302021",59.53,650.7
"412465075",30.42,149
"412420865",43.45,428
"412326798",38.12,271
"412694830",50.12,484.79
"412330104",40.17,316
"412460074",38.15,296
"412460073",38.15,296
"412687140",24.68,119
"412985000",52.5,497
"412209077",55.1,619
"412333795",41,432
"412460004",32.74,196
"412320019",50.97,577
"412371207",46.55,560
"412421081",22.5,107
"412549004",26.73,215
"412460286",41.02,302
"412699520",24.5,84
"412420584",42.47,394
"412679030",24.7,119
"412420944",44.12,498
"412689520",27.86,120
"412331164",49.8,498
"412676580",41.45,249
"412331064",37.56,276
"412002127",22.15,59.88
"412693340",37.32,303
"412371198",46.66,411
"412421089",41.69,428
"412484402",41.5,253.33
"412420239",38.42,297
"412691520",32.35,164
"412549105",38.8,314
"412007967",45.24,596.05
"412420794",42.3,396
"412331013",39.72,307
"412499942",39.69,315
"412440009",41.57,572
"412420848",44.3,460
"413204940",46.56,498
"412328798",40.41,336
"413691210",44.71,480
"412201817",35.75,271
"412699950",30.42,149
"412371192",52.13,577
"412689320",31.27,225
"412007969",47.37,651.03
"412007968",43.95,579.74
"412695770",49.61,619
"412420819",46.59,473
"412205520",48.6,626
"412326861",38.22,392
"412549002",34.63,215
"413270220",52.58,619
"412440563",44.53,531
"412329418",39.17,276
"412328756",37.37,270
"413343000",34.82,192
"412695610",53.01,524.77
"412326902",36.13,223
"412687150",24.3,98
"412420911",43.63,461
"412689530",27.86,120
"412326875",37.53,255
"412331103",27.4,157
"413003484",22.46,68.49
"412420876",48.42,510
"412331026",50.36,577
"412549034",47.6,502
"412694840",50.48,579
"412331163",49.8,498
"412460287",41.02,302
"412421091",41.69,428
"412440801",46.39,604.52
"412329425",40.03,276
"412420914",43.63,461
"412420795",42.3,396
"412421185",46.56,496
"412463406",41.02,302
"412460111",38.15,296
"412420892",47.33,496
"412320023",33.76,199
"412549003",34.81,215
"412549103",38.8,314
"412420596",42.97,345
"412695560",52.6,634
"412549104",38.8,314
"412440553",44.74,538
"412421077",22.5,107
"412420813",46.59,473
"412420915",43.63,461
"412695630",52.6,634
"412460009",32.74,196
"413270430",52.59,509
"412420852",41,460
"412549055",59.59,859
"412331009",38.36,307
"412420851",43.98,460
"412371206",46.55,560
"412320021",52.38,619
"412475113",30.46,159
"412336912",37.38,329
"412371197",46.66,411
"412326906",33.74,223
"413501950",28.16,165
"412328761",36.52,270
"412420237",39.44,297
"412460115",39.11,296
"412467335",30.42,149
"518100456",27.3,84.44
"518100458",27,79.03
"518402000",30.96,138
"518100601",53.51,603.5
"518071000",26.43,119
"518100457",27.3,79.34
"518107000",40.78,137.84
"518206000",32.06,275
"518100455",27.3,84.44
"518260000",28.09,97.01
"518676000",24.65,70
"518259000",22.1,114
"518100073",26,181
"321321362",26.52,118.83
"735059247",56.54,571.61
"735059233",41.07,700
"735058806",54.58,511.33
"735057853",35.08,132.13
"735059255",55.97,546
"224050000",43.82,517.92
"224987000",43.5,494.7
"224085000",40.8,490
"225983597",28,173.66
"224544160",28.6,195.05
"224154000",46.45,361
"224696000",39.35,399
"224392000",36.49,321.5
"224581000",36.16,317
"224122000",41.51,423.83
"224900000",32.77,398.03
"224166160",37.49,231.83
"224196000",43.22,554.93
"224342000",41.21,664
"224591000",46.12,411.43
"224626000",47.7,430.07
"224892000",29.35,162.32
"224366000",42.48,430.5
"224619000",40.98,407.5
"224051350",34,245.5
"224313000",44.45,612.7
"224918000",43,499.5
"224017000",43.5,488.97
"224118000",40.33,495
"224992000",44.5,459.1
"224406000",40.06,442
"224318000",47.77,560.84
"224456000",44.48,540
"224063790",28,134.3
"224256000",44.23,534.13
"224156000",37.6,264
"225374000",42.46,322.81
"520076000",32.23,136
"520179000",36.6,171.35
"520204000",36.6,218.13
"520174000",36.6,193
"520137000",36.6,171
"520187000",29.1,108
"520250000",39.28,375
"520315000",34,154
"520075000",33.04,136
"520234000",42.6,199
"520012000",25.94,102
"520223000",39.6,264
"520241000",41.5,269
"520271000",30.03,191
"520313000",34,154
"520028000",26.54,158
"520085000",22.69,108.48
"520033000",28.15,113
"520248000",24.27,104
"520312000",34,154
"520238000",32,307.83
"520225000",29.7,98
"520171000",36.6,193
"520172000",39.6,198
"520074000",32.61,136
"520116000",27.41,93.52
"520151000",37.26,198
"520143000",36.6,193
"520130000",36.6,191
"520180000",36.6,193
"520217000",32,179
"520177000",36.6,193
"520332000",26.43,188
"520218000",32,179
"520023000",34.03,143
"520231000",42.6,199
"520170000",36.3,117
"520314000",34,154
"520145000",36.6,193
"520100000",28.9,135
"520019000",32,180
"520020000",32,158.68
"520243000",40.5,250.87
"520077000",32.23,136
"520088000",32.04,113
"228966000",24.95,150
"228227000",21.5,131.5
"510060013",27.64,129
"510034000",24.54,139
"510012000",27.38,113
"510053000",27.75,96
"510013000",27.36,113
"510035000",24.81,139
"510051000",29.7,96
"510052000",29.7,96
"510033000",26.26,112
"510038000",22.44,136
"510014000",27.36,113
"431501883",18.95,19
"431008785",20.06,38.35
"431011256",19.91,40.94
"431245000",50.59,596.5
"431007028",19.23,29.16
"431004389",23.93,19
"432367000",50.57,549.5
"431457000",50.98,549.5
"431380000",54.61,585
"431700090",49.39,478
"431600150",14.83,19
"431501647",23.87,19
"431003515",16.62,19
"431010244",16.67,41.67
"431012755",22.79,51.66
"431011378",20.5,65.55
"431680190",15.7,19
"431601130",21.85,14
"431680470",15.49,18
"431600230",21.01,19
"431600850",17.46,19
"431008869",18.31,34.83
"431008505",18.24,36.23
"431012063",20.52,46.83
"431600065",16.3,19
"431009407",19.91,66.49
"431602090",14.9,19
"431500880",17.86,19
"431009005",25.14,42.55
"431602237",17.54,17
"431009039",22.65,50.7
"431601320",14.57,17
"431008883",20.75,34.01
"431007076",18.64,28.48
"431013572",18.95,19
"431715000",16.5,19
"431501724",18.31,19
"431007123",21.02,47.11
"431012149",22.43,52.77
"431500801",21.05,19
"431517000",31.2,194.5
"431010724",21.38,73.66
"431007286",24.35,58.5
"431000964",22.32,79.48
"431601570",14.07,18
"431007091",19.95,36.91
"431011024",16.91,34.66
"431600610",20.27,34.5
"431007622",21.55,49.05
"431704230",43.44,492
"431603270",19.41,18
"431000713",18.96,19
"431004286",25.35,19
"431010233",16.37,34.74
"431014106",18.68,47.12
"431600470",14.95,19
"431007141",20.84,50.69
"431500130",21.76,19
"431012128",18.89,42.52
"431005009",17.86,19
"431680154",15.95,19
"431680210",16.95,19
"431011412",21.19,53.07
"431680740",16.09,18
"431600740",14.91,19
"431100990",50.4,492.5
"431601326",14.96,19
"431800607",23,84.94
"431003491",19.81,19
"431009629",20.83,36.26
"431601572",16.22,19
"431007088",22.69,67.71
"431603230",20.75,43.92
"431501733",14.95,14
"432346000",50.6,549.5
"431010018",23.77,18
"431600420",16.76,19
"431009023",20.34,41.28
"431010651",16.18,38.01
"431680136",15.72,19
"431200541",17.8,19
"431100610",52.6,585
"431600220",31.27,179.67
"431009352",18.25,49.88
"431010152",21.84,78.28
"431007621",20.8,51.77
"431501697",14.88,14
"431009354",19,57.39
"431009021",22.52,43.91
"431004082",27.66,162.28
"431501683",20.98,19
"431500460",50.38,478
"431680160",16.49,18
"431703560",51.72,514
"431206000",52.69,527
"431500990",50.38,543.5
"431602420",27,75
"431008486",16.88,29.26
"431501789",18.94,19
"432942000",50.59,436
"431010968",18.57,42.59
"432411000",52.25,587.5
"431601968",14.96,18
"431010305",15.05,35.81
"431501176",23.11,19
"431010144",16.41,38.47
"431500078",14.97,19
"431249000",50.59,617.5
"431680630",14.99,19
"431009129",19.35,96.33
"431204000",52.6,687.33
"431013713",22.43,19
"431501250",16.77,19
"431011377",21.1,19
"431539000",51.4,620
"431601830",18.27,19
"431600250",14.85,18
"431007089",21.65,53.8
"431010199",19.93,46.47
"431918000",16.81,19
"431500100",26.07,134.87
"431009291",15.23,21.92
"431001235",18.93,19
"431700200",48.18,405.5
"431414000",30.1,99
"431008866",17.94,39.49
"431700550",53.07,567
"431700060",51.46,478
"431000138",19.08,19
"431011825",19.08,36.17
"431010242",18.38,50.59
"431500370",16.68,19
"431680370",16.61,19
"431001573",18.95,19
"431501805",18.96,19
"431301296",12.61,19
"431010306",16.11,34.14
"431680182",14.97,19
"431501252",15.57,19
"431601550",25.36,47.98
"431007139",19.7,48.3
"431680620",15.65,19
"431600276",16.66,19
"431602092",14.95,19
"431601317",17.21,19
"431011788",21.71,64.02
"431361000",50,514
"431704330",53.3,514
"431601929",19.63,18
"431500682",16.53,19
"431009388",19.83,44.03
"431700454",17.59,19
"431329000",49.2,519.25
"431700190",38.58,274
"431200503",21.44,19
"431701780",50.2,508
"431703830",49.99,584.5
"431680360",16.98,19
"431003457",17.03,19
"431600490",21.78,19
"431601932",13.86,14
"431006805",20.69,49.83
"431601970",16.4,19
"431101210",50.38,535
"431501786",18.97,19
"431680141",15.93,19
"432943000",50.59,546
"431154000",49.2,512.5
"431000582",18.92,19
"431602750",28.91,86.27
"431002571",17.78,19
"431000650",48.4,459
"432515000",51.4,681.75
"431010206",17.7,37.24
"431009808",21.78,54.69
"431007192",23.33,47.61
"431010295",19.89,43.21
"431600078",24.5,81
"431600630",16.5,19
"431500410",20.1,18
"431011829",20.2,59.71
"431008885",24.29,76.83
"431500637",16.63,19
"431011066",20.52,47.42
"431005871",24.62,19
"431009343",18.28,43.67
"431702040",31.5,119
"431010493",23.1,42.52
"431644000",52.61,615
"431893000",51.4,549.5
"431600240",21.18,18
"431000254",18.94,19
"432306000",50.6,531.25
"431501170",17.25,19
"431000343",18.97,19
"431000775",18.91,19
"432453000",52.2,608
"431704110",51.6,514
"431937000",35,257.5
"431003949",19.61,82.39
"431602128",22.54,19
"431007598",20.22,42.85
"431501624",16.75,18
"431011755",21.15,54.33
"431011843",21.2,72.35
"431012705",20.63,59.31
"431008861",22.57,42.24
"431007496",22.29,48.81
"431500360",16.64,19
"431600410",16.79,19
"431000857",18.93,19
"431012167",12.95,23.69
"431010149",20.01,43.9
"431680550",15.98,19
"431602316",18.7,19
"431008996",21.62,44.81
"431200702",18.68,19
"431010832",19.87,100.61
"431700980",48.71,478
"431008501",15.89,34.2
"431010408",19.13,51.81
"431002191",43.73,233
"431010406",16.22,32.65
"431000662",20.68,47.76
"431007781",20.18,42.97
"431602221",16,14
"431253000",52.69,478
"431009351",17.61,34.84
"431007378",21.89,57.22
"432626000",53.31,549.5
"431501186",17.24,18
"431007015",21.47,19
"431601805",14.95,19
"431600570",28.49,62.52
"431490000",49.2,514.5
"431600640",24.65,71
"431008962",18.84,38.25
"431010315",19.68,52.88
"431448000",50.59,596.5
"431500044",16.27,19
"431007186",20.01,47.58
"431200599",21.97,19
"431500040",52.69,535
"431500430",52.67,478
"431200730",53.3,514
"432924000",50,549.5
"431000356",19.97,19
"431200070",16.5,19
"431600390",16.98,18
"431300420",18.91,14
"431010154",19.52,50.4
"431602339",14.23,17
"431007379",20.09,54.57
"431602086",17.12,19
"431101240",48.4,518
"431700120",31.5,193
"431701710",49.9,545
"431601931",14.93,18
"431009381",20.63,55.76
"431702540",31.5,119
"432955000",49.27,500.5
"431008959",19.26,42.87
"431200343",16.33,19
"431010937",16.07,33.75
"431680280",16.98,19
"431602346",18.97,19
"431663000",51.17,436.24
"431009308",18.92,31.74
"431602156",15.56,19
"431300480",14.99,19
"431702510",31.41,194.33
"431704070",48,478
"431501114",16.57,19
"431003252",16.26,19
"431602322",18.94,19
"431680225",14.95,14
"432881000",50.59,546
"431424000",52.78,619
"432343000",51.2,585
"431600320",16.45,19
"431680113",17.46,19
"432909000",41.35,257.5
"431010496",22.02,29.83
"431101320",52.99,577.33
"431500516",14.8,12
"431010158",16.54,40.42
"431000672",17.7,19
"431000638",17.79,19
"431680124",16.32,19
"431501605",23.08,19
"431006989",23.06,63
"431009307",19.58,54.15
"431680410",14.95,19
"431001016",20.8,17
"431009122",20.63,44.95
"431007296",19.93,54.1
"431680310",14.88,19
"431500180",52.69,501
"431008471",20.05,46.97
"431501831",18.9,19
"431602240",40.26,257.5
"431005411",15.72,15
"431008504",18.57,34.93
"432561000",30.21,149
"431002995",18.79,19
"431500220",16.59,19
"431006351",20.21,42.28
"431501731",19.43,19
"432987000",52.05,549.5
"431009289",22.42,62.66
"431009772",15.65,75.59
"431680770",14.95,14
"431010498",22.08,57.27
"431009916",22.84,78.89
"431501010",15.63,19
"431010939",19.25,36.84
"431600680",16.18,19
"431602029",16.76,19
"431099000",50.59,615.5
"431853000",58.41,620
"431000168",25.15,19
"431007183",21.5,70.77
"431501757",20.13,19
"431002693",19.83,19
"431009933",24.57,70.18
"431500950",14.95,19
"432907000",29.98,119
"431680219",18.45,19
"431869000",52.67,513
"431007026",23.46,75.32
"431004047",18.95,19
"431680129",14.97,19
"431008919",18.23,19
"431012188",21.66,82.91
"432896000",29.98,119
"431600620",16.46,19
"431007114",18.38,34.22
"432378000",23.5,75.53
"431382000",52.6,620
"431601590",17.3,19
"431600008",14.81,17
"431067000",48.84,520.54
"431602069",17.12,19
"431007038",20.15,44.9
"431002127",18.96,19
"431200570",16.3,19
"432971000",51.23,596.5
"432990000",50.59,546
"431001322",19.81,19
"431600710",16.26,19
"431500760",15.65,19
"431009115",21.52,40.14
"431011189",19.93,73.09
"431010288",20.94,46.91
"431053000",52.16,513.75
"431680780",12.84,12
"431702850",45.84,405.5
"432468000",52.2,585
"431007034",19.43,36.79
"432962000",52.36,549.5
"431601350",13.82,19
"431700030",49.2,379
"432405000",50,492.67
"431012107",18.23,37.07
"431600580",16.47,19
"431703710",50.95,494.5
"431600460",21.32,16
"431600760",29.51,89.37
"431009416",19.26,64.14
"431010191",19.06,46.54
"431007142",20.13,50.05
"431007838",20.55,76.19
"431012191",21.28,61.64
"431680790",15.62,18
"431377000",22,72
"431008546",17.54,36.2
"432984000",54.01,596.5
"431011789",19.05,68.82
"431009126",18.67,45.51
"431701720",53.27,379
"431703660",48.4,379
"431008609",19.46,53.01
"431680730",16.17,19
"431006558",22.12,18
"431005381",16.7,16
"431600660",26.97,70
"431008821",19.14,35.67
"431600975",14.94,18
"431007176",23.78,63.67
"431378000",51.26,617.5
"431600000",50,493.5
"431008975",22.04,44.23
"431680580",14.9,19
"431600275",41.86,286
"431008555",20.33,55.6
"431680460",16.58,19
"431984000",50,549.5
"431600140",16.85,19
"431010887",18.31,19
"431700140",32.56,119
"432776000",29.8,119
"431010321",21.32,39.72
"431680230",16.04,19
"431011762",18.3,19
"431500530",51.78,542
"431680380",14.93,19
"431301286",16.18,19
"431008781",14.28,29.81
"431501545",18.21,19
"431500730",14.96,19
"431603180",14.03,14
"431680150",14.99,19
"431010193",17.37,41.96
"431600300",14.92,19
"431010151",18.06,42.96
"431007802",26.03,19
"432918000",52.36,549.5
"431501762",18.92,19
"431507000",26.62,49
"431600210",21,19
"432914000",49.66,516.33
"432475000",52.34,549.5
"431700130",49.9,560.67
"431009348",22.53,51.16
"431702640",48.4,478
"431010492",21.18,47.58
"431008804",16,31.54
"431500330",16.76,19
"431601150",21.53,19
"431007193",20.43,45.08
"431044000",53.21,596.5
"431001079",18.95,19
"431601620",14.88,19
"431200190",54.73,514
"431004559",17.84,19
"431010243",17.16,42.88
"432936000",50.59,546
"431680480",16.98,19
"431600340",19.78,18
"431007104",17.13,38.86
"431601383",11.92,13
"431008778",17.25,35.25
"431009149",15.2,31.45
"431501689",19.5,19
"431009353",17.6,36.59
"431008617",22.82,48.45
"431601775",17.41,19
"431602340",15.98,19
"431010099",19.28,49.33
"431600330",14.38,19
"431008649",23.23,70.86
"431601224",16.58,19
"431680570",16.89,19
"431501260",19.03,19
"431007646",24.63,81.55
"431200520",50.59,514
"431500940",16.22,19
"431500944",18.75,19
"431009671",24.23,88.32
"431012033",19.37,54.54
"432890000",50.83,497
"431006995",17.9,38.19
"431011153",21.6,90.74
"431601951",14.82,19
"431602338",17.86,19
"431012903",20,53.02
"431007295",20.82,50.46
"431012451",17.07,37.3
"431000711",31.5,119
"431010797",21.33,49.22
"431008796",19.74,42.51
"431008995",19.95,37.35
"431006988",15.89,34.39
"431000944",18.89,19
"431500720",14.95,19
"431501661",14.89,14
"431010862",19,41.29
"431007303",15.3,14
"431500120",23,66
"431007503",23.8,69.18
"431702990",54.14,545
"432761000",32.1,189
"431008699",15.65,39.64
"431200460",18.29,19
"431501795",18.99,19
"431602040",49.2,478
"431700830",49.39,478
"431012704",20.1,52.29
"431602350",14.95,19
"431009227",21.52,57.23
"431011506",20.46,42.14
"431680680",17.26,19
"431800563",18.75,31.14
"431882000",52.99,514
"432374000",52.6,620
"431010031",18.92,36.33
"431501822",22.4,19
"431600120",32.19,120.56
"431011428",20.02,48.8
"431601070",14.94,19
"431011081",18.6,37.79
"431010313",17.29,51.03
"431600260",16.65,19
"431600092",29.85,81.86
"431501646",19.8,19
"431010721",21.08,48.06
"431007285",20.66,41.14
"431700660",48.4,506.75
"431000476",18.95,19
"431009386",25.81,102.31
"431009114",17.98,43.3
"432319000",54.69,549.5
"432282000",51.91,514
"431010842",17.91,42.35
"431298000",52.32,505
"431601917",16.84,19
"431500960",20,19
"431680156",14.97,19
"440646000",49.24,395.5
"440919000",52.99,516.5
"441014000",52.99,523.5
"440595000",52.31,535.5
"440773000",54,530.5
"440946000",52.99,522
"440055000",51.67,490
"441098000",56.07,411
"440656000",49.24,484
"440647000",50.25,482.5
"441524000",52.27,549.5
"440623000",52.99,515
"440772000",52.99,515
"440936000",51.76,522.5
"441084000",53.3,383
"440751000",52.99,410
"440517000",52.3,535.5
"440645000",52.4,512.5
"440787000",52.99,530.5
"440780000",51.77,532
"440704000",51.76,522
"440641000",51.23,532
"440954000",52.84,532
"440504000",53.3,384
"440801000",50.92,477
"440590000",47.21,385
"440403690",28.4,134.29
"440246000",49.9,411
"440549000",51.39,498.33
"441233000",50.27,445.67
"440820000",50.25,384.5
"440703000",53,522
"440931000",52.84,522
"440894000",50.75,533
"440895000",51.03,527
"440792000",54.22,520
"440786000",52.99,530.5
"440298000",54.23,520
"440821000",50.25,384.5
"441584000",52.85,496
"441090000",52.99,516.5
"440600292",24.07,64.02
"440933000",54.55,520
"440612000",50.89,401
"440600402",20.83,44.02
"441660000",51.63,490.67
"440731000",49.24,479.5
"440636000",51.86,520
"440992000",52.69,408
"440986000",50.25,479.5
"440885000",51.76,581
"440871000",52.99,522
"440935000",53,522
"441072000",53.14,522.5
"440522000",53.27,535.5
"441811000",56.55,601
"440788000",56.07,397
"440705000",54.69,520
"440781000",51.76,532
"440401930",27.54,124.59
"440015970",25.37,124.34
"440654000",50.25,484
"440941000",49.24,479.5
"441812000",56.55,607
"440045000",49.24,479.5
"440944000",50.81,541
"440886000",51.76,528
"440125000",52.65,493.5
"440920000",52.72,468.67
"440503000",52.48,424
"440934000",51.76,522
"441825000",50.33,474.5
"440900000",51.96,523.5
"440584000",52.77,410
"440620000",52.12,512.5
"441043000",52.99,523.5
"440648000",52.04,512.5
"440989000",48.63,486.5
"441038000",52.99,522
"440412750",24.86,100.03
"440404230",23.96,85.98
"440733000",50.25,484
"440987000",50.25,479.5
"440765000",52.09,479
"440339000",52.99,408
"440809000",51.37,490.33
"440617000",52.28,535.5
"440847000",54.03,515
"440100101",20.93,37.91
"440807000",53,522
"441680000",53.59,483
"440574000",52.97,512.5
"441201562",50.75,486
"440239000",50.25,485
"440846000",50.25,484
"440770000",54.61,520
"441251000",52.43,483.5
"440966000",52.99,522
"440116130",22.11,61.58
"440604000",50.03,504
"440628000",52.48,532
"441018000",53.3,582
"440858000",53.35,499.5
"538060014",29.59,134.26
"538060012",27.5,129
"538060013",27.64,129
"538060011",29.9,108.23
"540000670",21,69
"540017570",22.15,62.25
"540010700",19,67
"540003900",21,97
"540017550",22.15,62.25
"540013100",20.7,90.73
"540003400",24,83
"540004100",20,97
"540004000",29,136
"540013200",20.7,90.4
"540001900",21,93
"540010800",18,67
"540017560",22.15,62.25
"540003800",21,97
"540011500",23.98,120
"540000800",16,52
"540011470",18.52,39.46
"540005000",29,136
"540002100",21,93
"540002300",21,93
"512001073",15.15,26
"512001495",18,40
"512005780",18.73,45
"512004138",17.5,50
"512003467",19.91,78
"512082000",22.98,115.88
"512001926",17.05,47
"512002055",14.05,29
"512005035",20.16,65.74
"354153000",44.52,564
"372702000",31.96,179
"553111394",23.8,93.09
"553111288",27.6,90
"553111285",27.6,90
"553111375",29.7,98
"553111284",27.6,90
"553111286",27.6,90
"553111283",27.6,90
"263580000",41,526
"263821000",34,372.5
"263583000",37.54,399
"546021100",30.79,150.02
"546006500",23.9,132
"546009050",16.12,45
"546021500",19.28,61.24
"546007100",23.9,164
"546006600",23.9,185
"546006700",23.9,164
"546022100",22.35,72
"546012900",20.5,98
"546006400",23.9,132
"546021700",23.26,91.12
"546021600",18.75,37
"268000015",31.18,202.03
"664000023",48.19,577
"664061000",44.6,545
"664158000",51.5,575
"664542000",48.6,598
"664000022",47.2,577
"664540000",48.03,405
"664324000",40.6,320
"567872000",48.7,490
"572138210",20.8,120
"416002948",26.1,79.6
"416001013",20.09,35.14
"416002441",24.48,79.62
"416230600",23.95,96.65
"416119800",57.6,705
"416888974",24.38,62.63
"416200800",20.3,40.22
"416004685",23.82,49.64
"416002724",28.2,83.75
"416001421",21.66,41.17
"416044600",49.68,411.2
"416002681",29.88,99
"416001021",19.89,44.95
"416208900",27.35,98
"416000344",22.2,56.63
"416002092",22.97,70.85
"416000964",21.92,44.43
"416001047",22.1,58.11
"416002404",23.89,83.95
"416000832",23.75,71.05
"416368000",59.2,627
"416211003",18.89,40.8
"416001521",23.23,54.08
"416003066",22,54.05
"416003408",20.8,46.04
"416056789",18.86,33.35
"416000268",21.65,49.83
"416000853",20.35,40.89
"416039900",25.1,92.09
"416002981",28.2,97.51
"416235600",23.25,96.53
"416002766",22,49.52
"416229600",29.9,142
"416000791",20.1,39.21
"416005346",23.56,40.82
"416641000",55.75,712.21
"416001547",21.7,45.94
"416004375",22.68,99.56
"416233500",21.5,96
"416000993",22.6,58.53
"416001476",22.5,53.17
"416001519",26.15,95.76
"416202800",19.56,36.06
"416002934",20.1,40.11
"416000201",20.1,40.66
"416167900",47.08,350
"416119900",56,525
"416004073",22.33,98.62
"416000179",27.3,310.64
"416210900",19.98,31.91
"416005085",38.9,298
"416000299",22.5,53.5
"416002586",28.2,98.63
"416091600",55.9,531
"416003414",32.09,160
"416003113",19.4,42.52
"416002731",26.05,98.64
"416000662",21.2,44
"416000476",31.14,186.91
"416002415",22.9,63.59
"416005082",53.97,542.48
"416230800",21.84,95.63
"416002144",21.6,47.04
"416003306",23.9,82.83
"416174900",54.2,712.6
"416002835",19.24,49.13
"416000478",21.35,48.89
"416004696",21.69,42.91
"416052600",59.23,696
"416000521",23.18,65.5
"416005149",21.29,36.72
"416236600",23.9,99.32
"416097500",57.3,701
"416000934",22.5,54.23
"416002114",22.3,62.33
"416005220",63.16,775
"416785000",52.65,497
"416002642",26.8,87.22
"416001461",23.94,62
"416111500",55.9,531
"416002803",22.9,63.02
"416053500",55.9,496
"416107168",27.3,73.38
"416002596",27.75,98
"416153500",56.3,610
"416000265",22.06,52.03
"416229500",22.3,56.08
"416003315",23.9,86.22
"416001471",22.85,66.56
"416002946",26.1,99.18
"416003483",22.6,64.11
"416004166",22.6,70.85
"416002605",26.1,72.59
"416002132",23.6,62.22
"416075900",27.88,89.23
"416000477",26.15,78.06
"416000466",22.5,53.15
"416895000",57,719
"416001225",27.9,99
"416841000",56.5,722
"416077500",27.9,94.79
"416003463",23.9,80.64
"416005715",33.88,227.01
"416000469",22.05,71.15
"416003933",21.1,49.03
"416345000",55.72,582.68
"416618000",53,489
"416000846",20.4,41.86
"416000159",22.72,49.1
"416004246",35.7,188
"416002695",27.2,79.23
"416001821",21.72,39.66
"416004687",23.9,99.56
"416000817",19,48.23
"416005188",63.16,775
"416002962",29.88,113
"416000368",20.7,48.5
"416002328",20.96,46.04
"416002575",23.6,76.01
"416002154",26.48,97.09
"416228900",23.9,92.52
"416004043",22.6,96.05
"416002896",26.1,81.02
"416003074",27.35,99
"416002643",26.1,86.4
"416201800",21.5,47.02
"416004268",22.77,97.55
"416004471",20.33,42.25
"416008600",56.5,722
"416000807",18.5,33.53
"416233900",23.92,98.16
"416002231",24.6,71.52
"416338000",56.18,503
"416004368",29.3,98
"416002353",21.35,41.57
"416002446",26,79.64
"416000292",27,76.55
"416222700",29.7,98
"416003472",25.13,75.22
"416000196",27,77.15
"416003452",23.9,82
"416226600",27,82.4
"416003756",28,211.24
"416004591",35.5,209
"416815000",54.85,711.19
"416173900",56,530
"416882123",23.78,56.55
"416230500",27.42,108.14
"416002585",27.2,79.61
"416001252",23.95,73.56
"416000392",22.59,62.58
"416000855",26.15,79.52
"416082900",27,80.08
"416001558",27.45,64.02
"416885526",25.85,107.68
"416298180",28.83,105
"416002933",18.59,37.52
"416000402",18.26,52.05
"416000627",20.35,41.65
"416002537",27.1,86
"416004044",22.31,98.16
"416001241",20.95,37.04
"416793000",45.3,370.53
"416002481",21,48.16
"416000029",27,79.03
"416168600",59.2,627
"416000639",19.9,32.93
"416000947",18.66,41.19
"416091900",59.2,697
"416212700",24.3,49.93
"416002744",26.1,76.04
"416000238",24.57,64.66
"416000293",22,49
"416002603",25.45,77.19
"416001799",27.62,79.09
"416779000",56.65,719
"416002067",20.6,29.88
"416000257",22.87,62.23
"416001008",22.75,60.05
"416003609",22.4,54.53
"416008568",25.48,116.02
"416002149",25.2,73.54
"416888195",20.26,68.38
"416004214",22.6,96.21
"416198800",27.2,79.63
"416003575",27.2,98
"416000631",22.5,54.14
"416029255",22.26,53.83
"416001245",28.3,97.52
"416004409",23.85,98.24
"416003700",56.9,720
"416000357",20.9,32.97
"416032700",52.65,493
"416001251",17.88,26.16
"416003703",24.7,79.16
"416000143",24.1,57.55
"416002938",18.95,29.98
"416227600",23.9,93.13
"416002131",21.87,49
"416196500",27.3,99.1
"416001414",26.15,95.52
"416000776",21.8,49.03
"416005647",42.46,396
"416002143",26.05,98.63
"416881476",25.56,78.98
"416002492",25.15,85.8
"416330000",56,496
"416074900",48.8,359.26
"416003055",22.5,56.09
"416000702",22.85,63.53
"416000784",24.5,65.62
"416002515",27.2,79.53
"416002893",20.72,49.15
"416503000",49.38,496
"416003149",20.1,40.66
"416000667",20.81,55.19
"416000235",27,97
"416237600",23.75,97.63
"416003165",31.05,195.27
"416002888",22.5,54.11
"416003561",27.2,99
"416003556",29.88,99
"416002142",23.14,68.04
"416142600",41,363
"416226700",25.6,99.22
"416202700",30,98
"416002304",25,75
"416001415",23.73,48.12
"416003741",32.1,184
"416231900",34,180
"416057777",22.73,45.48
"416171600",59.2,635
"416232600",33.8,180
"416003173",29.2,99
"416002533",20.85,48.66
"416003677",23.9,81.05
"416003205",27.45,62.63
"416000618",20.21,46.09
"416127500",27,76.19
"416000804",25.79,79.21
"416005370",40.5,380
"416951000",55.4,1211
"416002469",27.2,79.59
"416003484",26.66,144.59
"416003162",29.2,98
"416004164",22,49.56
"416003948",22.5,66.59
"416000462",27,75.64
"416000519",23.25,71.55
"416001845",22.3,63.02
"416002218",21.52,49.16
"416002291",25.9,79.93
"416001567",27.9,79.11
"416003068",22.95,63.17
"416086600",53.15,449
"416197600",28,305.66
"416003955",34,180
"416002195",26.05,98.23
"416193900",25.15,79.22
"416000129",24.01,74.69
"416003189",29.2,98
"416000636",24.29,54.66
"416058800",47.84,394.7
"416002569",24.5,61.64
"416000985",23.49,52
"416079500",27,80.08
"416004627",22.3,98.66
"416199800",25.5,99.58
"416002445",26,74.53
"416002628",24.24,79.13
"416081500",55.9,526
"416002622",24,65.18
"416212800",26.15,107.89
"416199500",24.28,78.63
"416219600",28.2,97.19
"416001544",20.56,34.78
"416002983",22.1,49.6
"416000514",21.65,48.63
"416000445",20.36,40.57
"416217900",26.1,78.65
"416211600",26.15,95.61
"416003021",28.1,95.65
"416003371",23.6,63.55
"416002343",19.55,55.53
"416773000",49.3,465
"416209800",16.74,33.63
"416000013",27.65,79.24
"416005529",23.6,65.62
"416059700",54.05,497
"416000141",27.6,88.03
"416004662",22.61,99.6
"416000961",23.2,61.11
"416123900",55.75,568
"416232500",57.6,643
"416004408",17.25,25.54
"416003409",22.1,49.89
"416002147",23.26,64.66
"416003158",21,41.59
"416003541",22.5,56.09
"416004085",33.55,278.74
"416002168",21,49.28
"416000137",27.08,98.23
"416000301",23.6,62.08
"416076700",26.25,91.25
"416120500",57.78,661.5
"416002513",22.5,53.25
"416000144",23.8,86.1
"416002324",26.1,76.64
"416710000",56.3,718
"416230166",24.84,54.68
"416004759",32.44,273
"416000199",22.85,67.09
"416003105",29.88,99
"416342000",56.49,520
"416003187",21.7,49.54
"416000228",22.13,52
"416004881",39.62,325
"416004553",23.8,189.76
"416174600",59.2,625
"416001438",21.17,35.36
"416003466",22.4,59.17
"416015700",54.85,708
"416003596",22.5,50.63
"416035900",53.19,477
"416221500",29.2,99
"416002346",22,49.05
"416004501",23.8,209.55
"416003089",27.12,99
"416004576",18.03,28.73
"416002989",22.1,52.76
"416004887",23.9,99.88
"416001009",21.2,47.78
"416822000",54.85,711
"416868000",53.04,477
"416003867",22.5,66.59
"416002374",29.7,98
"416004256",21.9,66.1
"416003869",24.29,85.8
"416000275",22.1,49.61
"416005097",40.2,327
"416176700",54.38,562
"416002165",22.6,53.03
"416000285",23.38,63.09
"416002556",28.2,96.51
"416247500",22.45,99.06
"416004372",23.95,97.63
"416667321",20.23,46.64
"416004453",23.95,99.58
"416221600",23.9,82
"416127700",27.4,80.64
"416004582",23.95,99.58
"416217500",26.86,99
"416122800",56.3,670
"416001228",24.15,53.51
"416003835",22,49.05
"416000977",17.65,25.24
"416239700",33.94,198
"416004675",23.9,99.56
"416003413",22.41,75.2
"416003665",22.76,60.96
"416883418",24.45,77.61
"416003063",23.65,73.21
"416066555",25.04,56.41
"416001619",22.3,63.02
"416002904",26.8,86.6
"416000415",21.95,55.57
"416168500",59.2,627
"416228600",22.41,95
"416000948",21.73,42.68
"416001491",19.7,48.54
"416218900",22.4,55.09
"416002900",55.9,496
"416002998",27.45,67.12
"416003386",21.95,59.25
"416002232",26.6,99.2
"416002174",25.69,49
"416242800",35.5,205
"416000236",24.5,61.64
"416220800",34.17,246
"416084500",59.2,623
"416002799",27,79.55
"416003505",19.23,39.53
"416353000",59.2,628
"416236200",24.95,104.05
"416005265",24.88,68.51
"416001249",20.55,42.38
"416002922",24.96,88.59
"416000246",23.05,60.95
"416127600",25.45,76.19
"416002443",27.81,98
"416623000",55.9,535
"416313000",56,516
"416003684",21,41.54
"416186550",22.09,41.17
"416000222",19.71,40.56
"416004389",20.3,48.51
"416000754",25,78.65
"416306430",63.24,669.53
"416000139",23.5,74.62
"416001510",23.27,73.12
"416216900",18.14,46.19
"416349000",58.8,660
"416003224",22.5,54.06
"416004583",23.9,99.59
"416001965",24.5,72.6
"416005345",20.2,31.42
"416000831",22,49.81
"416212600",25.7,86.73
"416004339",23.9,99.53
"416002768",25.55,79.52
"416000739",23.17,66.59
"416004363",23.8,78
"416003012",21.4,30.47
"416081600",55.9,526
"416002591",27.2,79.5
"416002201",24.2,56.53
"416004506",20.3,50.79
"416002105",22.2,51.57
"416001054",20.3,41.06
"416002198",26.98,98
"416001511",19.76,33.17
"416803000",49.44,452.7
"416004151",21.53,60.58
"416002959",27.6,67.87
"416558866",21.72,82.53
"416002348",23.65,77.62
"416000385",20.35,40.53
"416154700",27.55,79
"416004617",21.25,62.46
"416005836",40.95,393
"416002141",22.08,45
"416221700",23.9,81.19
"416003278",18.3,24.56
"416003822",28,265.68
"416000833",23.35,63.04
"416216800",28.2,95.65
"416002362",20.09,37.95
"416791000",55.1,493
"416004299",23.9,99.57
"416251500",40.6,329
"416218800",29.2,99
"416002112",21.5,47.53
"416003803",28,211.67
"416002491",22.3,68.22
"416000974",21.3,43.59
"416008800",52.65,496
"416003984",22.51,95.66
"416003073",26.87,99
"416051231",22.43,55.92
"416002568",26,79.63
"416001833",22.7,59.19
"416004565",23.8,174.92
"416002137",20.35,40.51
"416002357",22.5,52.05
"416002467",27.2,79.88
"416000309",23.2,54.62
"416000836",22.9,67.05
"416005374",43.51,320.39
"416004411",23.7,99.53
"416196600",28.1,95.28
"416000146",29.6,97.79
"416804000",52.65,497
"416000499",20.1,40.76
"416005731",23.85,99.6
"416556000",56.25,711
"416002117",23.75,71.09
"416004242",22.3,99.63
"416118500",40,296
"416002109",21.35,43.58
"416000461",29.15,98.66
"416001549",21.05,39.11
"416002323",21.55,49.16
"416002038",19.95,45.77
"416002194",25.8,79.75
"416004341",23.5,67.83
"416001745",20.3,43.51
"416225800",22.61,57.86
"416001007",17.5,55.63
"416004084",22.41,98.61
"416001439",23.97,68.98
"416237800",23.95,97.52
"416000487",21.7,41.2
"416761000",56.3,717
"416000361",22.85,58.51
"416003742",23.92,90.17
"416303000",57.78,720
"416002751",27.93,99
"416000212",24.5,61.51
"416001358",22.33,42.8
"416003627",22.35,58.42
"416002329",20.3,40.83
"416000358",26.98,81.01
"416198500",29.7,99
"416237700",23.95,98.2
"416002274",28.75,103.05
"416126500",57,706
"416000643",24.5,86.64
"416002494",22.93,66.92
"416002506",24.51,65.16
"416001435",23.83,34.67
"416001425",20.2,36.14
"416001255",26.15,95.61
"416120600",56,530
"416002686",25.02,87.17
"416220600",27.06,98
"416001645",22.15,33.2
"416002527",29.88,99
"416002552",24.37,68.41
"416000737",21.29,49.54
"416000411",29.6,97.19
"416125600",53.15,483
"416002051",31.34,156.51
"416004098",22.7,98.66
"416004421",23.9,99.58
"416002859",28.2,97.28
"416218600",29.7,98
"416002625",21.61,48.64
"416004158",22.51,97.14
"416001479",19.72,29
"416199600",25.87,97.52
"416002096",23.95,79.57
"416221800",29.4,99
"416003928",27.85,98
"416679000",53.15,486
"416163900",55,625
"416000796",23.1,42.01
"416003709",28,251.46
"416850000",55.26,733
"416000412",27.05,99.62
"416000783",20.5,42.05
"416003009",22.1,49.61
"416005587",21.03,38.41
"416235500",35.5,199
"416772000",48.95,473
"416098600",29.3,98
"416003735",24.5,61.5
"416003854",25.15,235.51
"416004442",23.92,98.61
"416002825",27.2,79.52
"416000803",22.9,62.79
"416002581",29.88,99
"416004566",23.8,175.33
"416003097",27.6,99
"416005826",39.65,307
"416002682",28.2,97.19
"416004502",23.8,179
"416001052",22.85,60.2
"416127800",27.31,79.56
"416003814",23.92,88.54
"416002298",25.8,79.57
"416631000",52.65,497
"416002261",27,79.13
"416000594",26,95.41
"416004248",34.34,199
"416000247",27.41,64
"416717000",48.95,472
"416863000",54.15,564
"416099800",56.95,707
"416004329",23.8,74.61
"416003688",27.91,99.97
"416001426",23,46.14
"416002116",26.98,98
"416002452",28.93,92.61
"416213800",29.2,98
"416229700",24.62,98
"416243500",37.5,255
"416000806",21.7,48.61
"416075700",23.05,67.5
"416213700",22.45,62.65
"416002747",25.8,79.86
"416003236",22.39,51.59
"416214700",27.45,99
"416005686",32.37,346.8
"416000632",21.5,49.64
"416220900",29.4,98
"416210600",25.6,99.61
"416002222",20.3,40.69
"416003272",22.5,51.52
"416000775",19.64,64.03
"416002121",22.5,53.62
"416004767",18.27,37.84
"416003647",32.6,225
"416002173",23.65,76.61
"416227800",23.92,91.2
"416231600",23.9,95.55
"416002216",24.9,79.52
"416232900",21.36,94
"416002858",28.2,97.55
"416195900",25.55,79.58
"416000237",24.6,73.22
"416367000",55.9,531
"416103900",56.7,708
"416001665",25.23,99
"416003874",22.68,93.16
"416217800",24.39,76.33
"416000381",26.1,77
"416002826",26.8,85.63
"416164600",56,530
"416001033",20.53,49
"416000405",27.02,98.65
"416001355",25.16,95.17
"416004179",23.32,69.5
"416069700",25,76.08
"416003676",22.71,95.08
"416171900",55.7,531
"416233700",33.8,185
"416000598",22.6,61.11
"416002465",26.1,76.69
"416004048",22,49.59
"416005726",41.6,360
"416231500",22.39,95.15
"416001792",22.17,38.04
"416001528",23.14,86.85
"367479170",23.44,87.77
"366928330",21.65,80.53
"367111320",17.07,35.69
"368144000",21.95,62.63
"367359000",25.52,106.31
"367681130",22.21,95.16
"367152680",22.3,117.78
"367396870",29.89,116.59
"366827010",21.95,57.05
"367442640",18.9,36.9
"367137680",24.28,142
"367719270",25.08,98.54
"367645140",23.47,97.97
"367789570",25.37,102.5
"367373170",25.13,136.25
"367045610",25.56,103.83
"367306510",20.73,75.66
"367750990",22.66,86.82
"367449780",25.77,144.73
"367590390",20.12,41.27
"367018980",18.9,41.27
"367639430",23.93,93.11
"368013420",27.75,125
"367733060",21.95,75.1
"367798710",18.96,68
"303114000",23.74,127.52
"367467330",21.92,82
"367732990",25.38,87.65
"367514890",19.25,28.67
"367132820",24.13,101.6
"367711550",17.38,30.95
"367490140",23.17,91.13
"367557620",23.78,78.16
"367556290",23.97,100.77
"367114110",23.26,91.73
"367716130",25.06,84
"367140060",35.3,73.85
"367722830",20.43,51.57
"366135000",24.69,92.68
"368014640",26.12,109
"367003760",23.72,114.5
"367045620",24.48,109.14
"367159690",25.38,121.49
"367485680",19.33,50.37
"367370380",26.62,121.11
"367699410",25.22,104.65
"367638270",21.65,47.19
"369188000",27.06,134
"366721530",20.94,81.79
"367761510",25.38,123.61
"367385940",17.89,52.77
"368017650",20.13,35.98
"367607880",23.87,84.09
"367128430",23.46,79.77
"303174000",28.27,120.68
"367568960",19.2,59.12
"367460990",15.88,34.69
"367755180",23.47,103.83
"366909230",22.56,77.33
"367571490",26.16,124.46
"367445940",24.65,109
"367150430",22.84,107.31
"366937120",29.95,134.22
"367142780",23.78,91.28
"369059000",46.31,114.62
"367442170",22.87,88.48
"368027840",23.76,126.68
"367423310",21.34,57.48
"338081000",21.34,72.31
"367743820",23.99,134.5
"366909880",23.78,73.13
"368070780",20.97,71
"368025960",14.95,25.93
"367151660",20.05,58.69
"367447140",25.68,94.34
"369060000",42.88,99.71
"368063530",21.66,62
"368013310",23.98,81.9
"368026770",20.74,53
"367361970",25.21,143.12
"367604540",25.82,114.72
"367338850",21.05,126.87
"367578510",21.02,84.59
"368113610",19.37,63.11
"366939000",22.87,129.5
"367433150",22.77,109.11
"338502000",52,156.5
"367343000",20.21,65.37
"338077000",37.56,72.31
"367602730",22.64,79.56
"367479450",22.03,75.68
"367330610",21.66,39.04
"367482650",22.56,78.74
"367638280",23.17,89.88
"367602740",23.47,74.53
"367341510",21.95,59.89
"367516940",20.8,96.5
"367363390",24.02,95.16
"367420020",24.24,158
"367439590",22.87,88.48
"368012840",23.48,80
"367492480",21.34,77.33
"367682040",22.56,77.33
"303835000",21.27,90.46
"367161340",24.15,92.11
"367507280",18.9,44.02
"367758020",15.2,32
"367396410",22.22,66.33
"368001140",20.74,35.98
"367140260",22.66,101.5
"367662540",17.98,42
"368059350",25.03,98.18
"367762610",16.7,48
"366981180",16.46,27.04
"368017310",25.99,144.76
"367403980",21.34,29.5
"367131270",22.87,91.53
"367754830",19.06,35.17
"367477330",20.12,57.5
"368492000",20.12,43.48
"367593450",25.3,120.25
"367603420",21.95,75.1
"367707220",24.26,113.05
"368018420",16.77,47
"367776630",21.98,81
"367711290",24.08,69.14
"367577170",20.73,50.5
"367523880",15.2,38.1
"367135280",19.21,116.2
"368012030",20.13,50
"367756070",22.87,70.2
"367602750",23.47,74.53
"367471530",26.94,171.03
"303513000",44.04,130.77
"368086080",20.88,90
"368030050",20.8,85
"367556120",22.45,81.79
"367513810",22.75,115.55
"367497320",14.91,44
"367692620",22.51,126
"368001590",24.95,88
"367756640",23.17,103.5
"367762810",25.87,103.83
"369189000",36.91,119.41
"367358280",22.17,106
"367705430",20.74,35.33
"366920620",17.87,52.77
"367667090",16.72,31.42
"367439730",21.65,56.28
"367780410",22.82,74.5
"367667630",24.9,92.26
"367662660",20.94,100
"367755410",25.61,133.97
"367707290",22.79,107
"368042650",19.21,123.83
"576635000",49.98,499
"576690000",57.06,637
"577290000",55.45,598
"577322000",57.75,618
"577319000",47.32,449
"577289000",50.15,547
"576975000",57.06,430
"576726000",57.06,637
"576848000",45.6,470
"577326000",56.5,703
"577021000",57.31,478
"576649000",53.57,637
"576956000",57.2,729
"576664000",23.8,93.09
"577145000",53,617
"576679000",53.45,498.5
"576811000",46.75,558
"576695000",23.8,93.09
"576696000",23.99,93.09
"576770000",37.5,199
"576638000",49.98,499
"577415000",51.8,390
"577258000",55.52,492.5
"577205000",25.17,76.6
"577257000",55.6,621
"576959000",54.85,705
"576394000",23.85,91.37
"576594000",49.98,514
"576737000",58.7,637.5
"577251000",59.2,680
"577146000",56,660
"576636000",49.98,499
"577416000",51.8,390
"576596000",50,576
"576847000",50.58,526.5
"577224000",23.44,96
"576736000",50.44,637
"576682000",57.06,637
"576237000",23.8,86
"577309000",54.19,520.58
"576699000",55.1,582
"576754000",23.99,93.09
"577246000",52.25,572
"576383000",23.8,91.37
"577245000",50.03,538
"576608000",49.98,499
"576987000",23.99,93.09
"576753000",24.01,93.09
"576678000",49.98,498.5
"576694000",23.98,93.05
"576595000",49.98,514
"576609000",49.98,499
"577259000",52.72,577
"576890000",46.76,558
"577428000",36.6,225
"576850000",52.17,498
"576877000",44.99,492
"576660000",23.56,93.09
"577222000",23.8,96
"576843000",50.8,625
"577308000",53.16,598
"576633000",49.98,499
